,name,symbol,listing_date,market_cap,current_price,stock_price,book_value,dividend_yield,roce,roe,face_value,year_high,year_low,listing_year,listing_month,years_since_listing,price_to_book_ratio,market_cap_tier
0,Reliance Industries Limited,RELIANCE,1995-11-29,1756946.0,2597.0,25.7,1110.0,0.35,9.14,8.94,10.0,0.0,0.0,1995,11,31,2.3396396396396395,highCap
1,Tata Consultancy Services Limited,TCS,2004-08-25,1391848.0,3804.0,31.2,275.0,1.26,58.7,46.9,1.0,0.0,0.0,2004,8,22,13.832727272727272,highCap
2,HDFC Bank Limited,HDFCBANK,1995-11-08,1300288.0,1713.0,19.2,519.0,1.11,6.24,17.1,1.0,0.0,0.0,1995,11,31,3.300578034682081,highCap
3,ICICI Bank Limited,ICICIBANK,1997-09-17,699905.0,998.0,17.4,307.0,0.8,6.32,17.2,2.0,0.0,796.0,1997,9,29,3.250814332247557,highCap
4,Infosys Limited,INFY,1995-02-08,640580.0,1543.0,25.8,195.0,2.18,40.5,31.8,5.0,0.0,0.0,1995,2,31,7.912820512820513,highCap
5,Hindustan Unilever Limited,HINDUNILVR,1995-07-06,624028.0,2656.0,60.4,214.0,1.48,26.6,20.5,1.0,0.0,0.0,1995,7,31,12.411214953271028,highCap
6,Bharti Airtel Limited,BHARTIARTL,2002-02-15,602474.0,1027.0,56.0,138.0,0.39,12.3,12.0,5.0,0.0,736.0,2002,2,24,7.442028985507246,highCap
7,ITC Limited,ITC,1995-08-23,578868.0,464.0,28.8,55.4,2.71,39.0,29.1,1.0,500.0,326.0,1995,8,31,8.375451263537906,highCap
8,State Bank of India,SBIN,1995-03-01,573049.0,642.0,8.46,402.0,1.73,5.2,16.8,1.0,660.0,499.0,1995,3,31,1.5970149253731343,highCap
9,Life Insurance Corporation Of India,LICI,2022-05-17,526050.0,832.0,13.8,98.1,0.36,143.0,125.0,10.0,843.0,530.0,2022,5,4,8.481141692150867,highCap
10,Larsen & Toubro Limited,LT,2004-06-23,481841.0,3505.0,39.5,571.0,0.68,11.6,11.7,2.0,0.0,0.0,2004,6,22,6.138353765323993,highCap
11,Bajaj Finance Limited,BAJFINANCE,2003-04-01,449204.0,7268.0,34.3,988.0,0.41,11.8,23.5,2.0,0.0,0.0,2003,4,23,7.3562753036437245,highCap
12,HCL Technologies Limited,HCLTECH,2000-01-06,397810.0,1466.0,25.7,242.0,3.27,28.3,23.0,2.0,0.0,0.0,2000,1,26,6.0578512396694215,highCap
13,Kotak Mahindra Bank Limited,KOTAKBANK,1995-12-20,377273.0,1898.0,22.0,563.0,0.08,6.86,14.3,5.0,0.0,0.0,1995,12,31,3.3712255772646538,highCap
14,Axis Bank Limited,AXISBANK,1998-11-16,339612.0,1101.0,14.5,422.0,0.09,6.15,14.5,2.0,0.0,814.0,1998,11,28,2.609004739336493,highCap
15,Titan Company Limited,TITAN,2004-09-24,327069.0,3684.0,99.0,140.0,0.27,25.1,30.8,1.0,0.0,0.0,2004,9,22,26.314285714285713,highCap
16,Asian Paints Limited,ASIANPAINT,1995-05-31,326223.0,3401.0,64.2,173.0,0.76,34.4,27.7,1.0,0.0,0.0,1995,5,31,19.658959537572255,highCap
17,Maruti Suzuki India Limited,MARUTI,2003-07-09,325415.0,10350.0,28.7,2178.0,0.88,14.5,11.5,5.0,0.0,0.0,2003,7,23,4.75206611570248,highCap
18,Adani Enterprises Limited,ADANIENT,1997-06-04,323071.0,2834.0,124.0,322.0,0.04,9.49,9.63,1.0,0.0,0.0,1997,6,29,8.801242236024844,highCap
19,Sun Pharmaceutical Industries Limited,SUNPHARMA,1995-02-08,301776.0,1258.0,33.7,249.0,0.91,16.4,16.6,1.0,0.0,922.0,1995,2,31,5.052208835341365,highCap
20,NTPC Limited,NTPC,2004-11-05,301178.0,311.0,15.8,158.0,2.32,9.83,12.0,10.0,317.0,163.0,2004,11,22,1.9683544303797469,highCap
21,UltraTech Cement Limited,ULTRACEMCO,2004-08-24,300010.0,10392.0,52.7,1945.0,0.36,12.9,9.63,10.0,0.0,0.0,2004,8,22,5.34293059125964,highCap
22,Tata Motors Limited,TATAMOTORS,1998-07-22,290150.0,792.0,18.1,161.0,0.27,5.95,5.62,2.0,802.0,381.0,1998,7,28,4.919254658385094,highCap
23,Bajaj Finserv Limited,BAJAJFINSV,2008-05-26,268513.0,1683.0,36.2,319.0,0.05,11.3,14.8,1.0,0.0,0.0,2008,5,18,5.275862068965517,highCap
24,Avenue Supermarts Limited,DMART,2017-03-21,262607.0,4036.0,113.0,268.0,0.0,20.1,16.0,10.0,0.0,0.0,2017,3,9,15.059701492537313,highCap
25,Oil & Natural Gas Corporation Limited,ONGC,1995-07-19,257393.0,205.0,5.48,246.0,5.49,13.9,14.1,5.0,212.0,140.0,1995,7,31,0.8333333333333334,highCap
26,Adani Green Energy Limited,ADANIGREEN,2018-06-18,248060.0,1566.0,170.0,50.1,0.0,7.81,22.8,10.0,0.0,439.0,2018,6,8,31.25748502994012,highCap
27,Wipro Limited,WIPRO,1995-11-08,246558.0,472.0,21.2,133.0,0.21,17.7,15.9,2.0,478.0,352.0,1995,11,31,3.5488721804511276,highCap
28,Coal India Limited,COALINDIA,2010-11-04,231472.0,376.0,8.29,113.0,6.49,70.5,56.0,10.0,386.0,208.0,2010,11,16,3.327433628318584,highCap
29,Adani Ports and Special Economic Zone Limited,ADANIPORTS,2007-11-27,221457.0,1025.0,28.0,225.0,0.48,9.53,14.4,2.0,0.0,395.0,2007,11,19,4.555555555555555,highCap
30,Power Grid Corporation of India Limited,POWERGRID,2007-10-05,219541.0,236.0,14.3,93.4,4.74,13.1,19.6,10.0,240.0,153.0,2007,10,19,2.526766595289079,highCap
31,Mahindra & Mahindra Limited,M&M,1996-01-03,216766.0,1743.0,20.1,486.0,0.94,12.7,18.1,5.0,0.0,0.0,1996,1,30,3.5864197530864197,highCap
32,JSW Steel Limited,JSWSTEEL,2005-03-23,213904.0,875.0,24.1,302.0,0.39,8.33,5.64,1.0,896.0,649.0,2005,3,21,2.8973509933774833,highCap
33,Adani Power Limited,ADANIPOWER,2009-08-20,201332.0,522.0,9.8,105.0,0.0,15.8,44.8,10.0,589.0,132.0,2009,8,17,4.9714285714285715,highCap
34,Bajaj Auto Limited,BAJAJ-AUTO,2008-05-26,189815.0,6708.0,27.8,1037.0,2.09,26.2,20.2,10.0,0.0,0.0,2008,5,18,6.468659594985535,highCap
35,Hindustan Aeronautics Limited,HAL,2018-03-28,187846.0,2809.0,31.2,376.0,0.98,30.6,27.2,5.0,0.0,0.0,2018,3,8,7.470744680851064,highCap
36,LTIMindtree Limited,LTIM,2016-07-21,185266.0,6260.0,41.8,610.0,0.96,37.7,28.6,1.0,0.0,0.0,2016,7,10,10.262295081967213,highCap
37,Indian Oil Corporation Limited,IOC,1996-07-24,183647.0,130.0,4.73,118.0,3.86,8.09,7.17,10.0,134.0,75.2,1996,7,30,1.1016949152542372,highCap
38,DLF Limited,DLF,2007-07-05,179695.0,726.0,80.4,153.0,0.55,4.61,5.47,2.0,730.0,336.0,2007,7,19,4.745098039215686,highCap
39,Tata Steel Limited,TATASTEEL,1998-11-18,171671.0,140.0,0.0,73.0,2.56,12.6,7.28,1.0,140.0,102.0,1998,11,28,1.917808219178082,highCap
40,Varun Beverages Limited,VBL,2016-11-08,160667.0,1237.0,80.4,50.0,0.1,27.4,33.5,5.0,0.0,550.0,2016,11,10,24.74,highCap
41,Jio Financial Services Limited,JIOFIN,2023-08-21,148444.0,234.0,0.0,182.0,0.0,0.0,0.0,10.0,278.0,203.0,2023,8,3,1.2857142857142858,highCap
42,Siemens Limited,SIEMENS,1995-09-06,142412.0,3999.0,72.6,367.0,0.25,21.4,15.9,2.0,0.0,0.0,1995,9,31,10.896457765667575,highCap
43,Grasim Industries Limited,GRASIM,1995-05-10,140365.0,2132.0,21.2,1263.0,0.46,9.97,8.85,2.0,0.0,0.0,1995,5,31,1.6880443388756927,highCap
44,Pidilite Industries Limited,PIDILITIND,1995-03-29,139868.0,2750.0,92.9,148.0,0.4,23.8,18.7,1.0,0.0,0.0,1995,3,31,18.58108108108108,highCap
45,HDFC Life Insurance Company Limited,HDFCLIFE,2017-11-17,139148.0,647.0,94.5,63.6,0.29,9.56,9.57,10.0,711.0,458.0,2017,11,9,10.172955974842766,highCap
46,Hindalco Industries Limited,HINDALCO,1997-01-08,137754.0,613.0,16.3,443.0,0.49,11.3,11.7,1.0,616.0,381.0,1997,1,29,1.3837471783295712,highCap
47,Hindustan Zinc Limited,HINDZINC,2006-11-21,133879.0,317.0,15.9,32.3,23.8,50.4,44.5,2.0,383.0,290.0,2006,11,20,9.814241486068113,highCap
48,Bharat Electronics Limited,BEL,2000-07-19,133513.0,183.0,40.2,20.3,0.99,29.9,22.8,1.0,185.0,87.0,2000,7,26,9.014778325123153,highCap
49,Britannia Industries Limited,BRITANNIA,1998-11-05,127505.0,5294.0,57.2,118.0,1.35,48.6,66.6,1.0,0.0,0.0,1998,11,28,44.86440677966102,highCap
50,Power Finance Corporation Limited,PFC,2007-02-23,126113.0,382.0,7.04,283.0,2.75,9.08,20.4,10.0,429.0,106.0,2007,2,19,1.3498233215547704,highCap
51,Tech Mahindra Limited,TECHM,2006-08-28,124886.0,1279.0,34.7,271.0,2.54,22.1,17.6,5.0,0.0,981.0,2006,8,20,4.719557195571956,highCap
52,IndusInd Bank Limited,INDUSINDBK,1998-01-28,124017.0,1595.0,14.9,709.0,0.87,6.93,14.4,10.0,0.0,990.0,1998,1,28,2.249647390691114,highCap
53,Bank of Baroda,BANKBARODA,1997-02-19,119045.0,230.0,6.45,203.0,2.4,5.17,15.1,2.0,236.0,146.0,1997,2,29,1.1330049261083743,highCap
54,Adani Energy Solutions Limited,ADANIENSOL,2015-07-31,115080.0,1032.0,87.5,107.0,0.0,10.2,11.6,10.0,0.0,630.0,2015,7,11,9.644859813084112,highCap
55,InterGlobe Aviation Limited,INDIGO,2015-11-10,113362.0,2937.0,20.2,-75.9,0.0,6.91,0.0,10.0,0.0,0.0,2015,11,11,-38.69565217391304,highCap
56,Eicher Motors Limited,EICHERMOT,2004-09-07,112681.0,4116.0,31.4,582.0,0.9,27.4,21.1,1.0,0.0,0.0,2004,9,22,7.072164948453608,highCap
57,Adani Total Gas Limited,ATGL,2018-11-05,108084.0,983.0,189.0,29.4,0.03,20.7,20.4,1.0,0.0,522.0,2018,11,8,33.435374149659864,highCap
58,Trent Limited,TRENT,2004-06-07,108084.0,3040.0,181.0,82.0,0.07,11.5,11.9,1.0,0.0,0.0,2004,6,22,37.073170731707314,highCap
59,Zomato Limited,ZOMATO,2021-07-23,107972.0,124.0,0.0,22.9,0.0,-5.79,-5.91,1.0,132.0,44.4,2021,7,5,5.414847161572053,highCap
60,REC Limited,RECLTD,2008-03-12,107462.0,408.0,8.46,241.0,3.1,9.14,20.4,10.0,455.0,110.0,2008,3,18,1.6929460580912863,highCap
61,Tata Power Company Limited,TATAPOWER,1996-04-03,106309.0,333.0,31.2,94.3,0.61,11.7,12.6,1.0,347.0,182.0,1996,4,30,3.531283138918346,highCap
62,GAIL (India) Limited,GAIL,1997-04-02,106287.0,162.0,20.2,111.0,2.42,9.76,8.69,10.0,163.0,91.0,1997,4,29,1.4594594594594594,highCap
63,Cholamandalam Investment and Finance Company Limited,CHOLAFIN,1996-05-15,105084.0,1252.0,34.8,192.0,0.16,9.72,20.4,2.0,0.0,658.0,1996,5,30,6.520833333333333,highCap
64,Punjab National Bank,PNB,2002-04-24,104473.0,94.9,17.7,93.4,0.68,4.1,3.34,2.0,97.7,44.4,2002,4,24,1.0160599571734474,highCap
65,Divi's Laboratories Limited,DIVISLAB,2003-03-12,103878.0,3913.0,78.0,478.0,0.76,19.4,14.9,2.0,0.0,0.0,2003,3,23,8.186192468619247,highCap
66,SHREE CEMENT LIMITED,SHREECEM,1995-04-26,103289.0,28627.0,56.6,5403.0,0.35,8.51,6.98,10.0,0.0,0.0,1995,4,31,5.298352766981306,highCap
67,Ambuja Cements Limited,AMBUJACEM,1998-02-18,102698.0,517.0,34.6,166.0,0.48,12.6,10.8,2.0,537.0,315.0,1998,2,28,3.1144578313253013,highCap
68,Cipla Limited,CIPLA,1995-02-08,101108.0,1252.0,28.5,308.0,0.67,18.0,12.8,2.0,0.0,852.0,1995,2,31,4.064935064935065,highCap
69,TATA CONSUMER PRODUCTS LIMITED,TATACONSUM,1998-11-18,100329.0,1080.0,81.3,174.0,0.77,9.32,6.86,1.0,0.0,685.0,1998,11,28,6.206896551724138,highCap
70,ABB India Limited,ABB,1995-02-08,98728.0,4659.0,706.0,197.0,0.12,9.77,5.45,2.0,0.0,0.0,1995,2,31,23.6497461928934,highCap
71,Bharat Petroleum Corporation Limited,BPCL,1995-09-13,98430.0,454.0,3.4,327.0,4.64,6.86,6.34,10.0,482.0,314.0,1995,9,31,1.3883792048929664,highCap
72,Dabur India Limited,DABUR,1999-04-28,98410.0,555.0,56.8,53.5,0.96,22.7,19.5,1.0,597.0,504.0,1999,4,27,10.373831775700934,highCap
73,Dr. Reddy's Laboratories Limited,DRREDDY,2003-05-30,96815.0,5804.0,19.0,1529.0,0.69,26.7,21.6,5.0,0.0,0.0,2003,5,23,3.7959450621321125,highCap
74,Macrotech Developers Limited,LODHA,2021-04-19,95846.0,994.0,62.7,135.0,0.1,8.76,10.1,10.0,999.0,356.0,2021,4,5,7.362962962962963,highCap
75,TVS Motor Company Limited,TVSMOTOR,2000-08-02,95471.0,2010.0,65.5,133.0,0.25,13.2,25.6,1.0,0.0,968.0,2000,8,26,15.112781954887218,highCap
76,Vedanta Limited,VEDL,1998-05-13,94956.0,255.0,19.2,85.0,39.7,21.2,20.4,1.0,341.0,208.0,1998,5,28,3.0,highCap
77,Union Bank of India,UNIONBANK,2002-09-24,87467.0,118.0,7.37,115.0,2.5,5.02,11.4,10.0,129.0,60.3,2002,9,24,1.0260869565217392,highCap
78,Bajaj Holdings & Investment Limited,BAJAJHLDNG,1995-03-15,86764.0,7796.0,15.6,4391.0,1.57,9.71,11.2,10.0,0.0,0.0,1995,3,31,1.7754497836483716,highCap
79,Havells India Limited,HAVELLS,2001-03-21,86630.0,1382.0,73.6,110.0,0.55,22.3,17.0,1.0,0.0,0.0,2001,3,25,12.563636363636364,highCap
80,Hero MotoCorp Limited,HEROMOTOCO,2003-04-11,82973.0,4151.0,24.8,884.0,2.41,22.7,16.7,2.0,0.0,0.0,2003,4,23,4.6957013574660635,highCap
81,Polycab India Limited,POLYCAB,2019-04-16,82785.0,5513.0,51.4,480.0,0.37,27.0,20.0,10.0,0.0,0.0,2019,4,7,11.485416666666667,highCap
82,Apollo Hospitals Enterprise Limited,APOLLOHOSP,1996-01-10,81871.0,5694.0,118.0,453.0,0.26,14.5,13.7,5.0,0.0,0.0,1996,1,30,12.56953642384106,highCap
83,Indian Overseas Bank,IOB,2000-12-07,81640.0,43.2,34.9,13.2,0.0,4.54,8.86,10.0,51.1,20.8,2000,12,26,3.272727272727273,highCap
84,United Spirits Limited,MCDOWELL-N,2001-09-27,80016.0,1100.0,62.3,93.6,0.37,20.0,17.5,2.0,0.0,731.0,2001,9,25,11.752136752136753,highCap
85,Mankind Pharma Limited,MANKIND,2023-05-09,79357.0,1981.0,50.9,210.0,0.0,22.4,18.4,1.0,0.0,0.0,2023,5,3,9.433333333333334,highCap
86,Canara Bank,CANBK,2002-12-23,79259.0,437.0,5.69,430.0,2.73,5.33,14.8,10.0,455.0,269.0,2002,12,24,1.0162790697674418,highCap
87,Torrent Pharmaceuticals Limited,TORNTPHARM,2002-11-25,77265.0,2283.0,57.5,198.0,0.97,19.8,20.0,5.0,0.0,0.0,2002,11,24,11.530303030303031,highCap
88,Shriram Finance Limited,SHRIRAMFIN,1996-12-11,77207.0,2056.0,11.7,1234.0,1.7,12.1,17.3,10.0,0.0,0.0,1996,12,30,1.66612641815235,highCap
89,ICICI Prudential Life Insurance Company Limited,ICICIPRULI,2016-09-29,76546.0,532.0,84.4,74.4,0.11,10.0,8.45,10.0,616.0,381.0,2016,9,10,7.150537634408602,highCap
90,Jindal Steel & Power Limited,JINDALSTEL,1999-12-29,75645.0,742.0,17.4,407.0,0.27,14.2,10.6,1.0,768.0,503.0,1999,12,27,1.8230958230958232,highCap
91,SRF Limited,SRF,2003-08-18,73999.0,2496.0,42.7,366.0,0.29,22.4,22.8,10.0,0.0,0.0,2003,8,23,6.819672131147541,highCap
92,IDBI Bank Limited,IDBI,1995-09-20,72417.0,67.4,15.2,43.1,1.49,4.26,8.34,10.0,74.8,42.9,1995,9,31,1.5638051044083527,highCap
93,Marico Limited,MARICO,1996-05-01,71207.0,550.0,50.6,32.6,0.82,41.9,35.8,1.0,595.0,463.0,1996,5,30,16.87116564417178,highCap
94,Berger Paints (I) Limited,BERGEPAINT,1999-11-24,69826.0,599.0,67.7,41.5,0.45,23.8,20.4,1.0,680.0,439.0,1999,11,27,14.433734939759036,highCap
95,CG Power and Industrial Solutions Limited,CGPOWER,1995-03-01,69384.0,454.0,79.4,14.6,0.33,61.6,66.0,2.0,503.0,264.0,1995,3,31,31.095890410958905,highCap
96,Zydus Lifesciences Limited,ZYDUSLIFE,2000-04-18,69361.0,685.0,22.2,185.0,0.86,15.0,13.7,1.0,697.0,413.0,2000,4,26,3.7027027027027026,highCap
97,Vodafone Idea Limited,IDEA,2007-03-09,69271.0,14.2,0.0,-18.7,0.0,0.0,0.0,10.0,15.1,5.7,2007,3,19,-0.7593582887700535,highCap
98,Colgate Palmolive (India) Limited,COLPAL,2007-12-17,68580.0,2521.0,159.0,12.1,1.55,179.0,158.0,1.0,0.0,0.0,2007,12,19,208.34710743801654,highCap
99,Samvardhana Motherson International Limited,MOTHERSON,1996-08-14,68543.0,101.0,45.2,33.3,0.66,8.76,7.16,1.0,104.0,61.8,1996,8,30,3.0330330330330333,highCap
100,HDFC Asset Management Company Limited,HDFCAMC,2018-08-06,68315.0,3200.0,41.2,282.0,1.5,0.0,0.0,5.0,0.0,0.0,2018,8,8,11.347517730496454,highCap
101,Tube Investments of India Limited,TIINDIA,2017-11-02,68265.0,3530.0,74.7,229.0,0.1,31.6,27.0,1.0,0.0,0.0,2017,11,9,15.414847161572052,highCap
102,JSW Energy Limited,JSWENERGY,2010-01-04,68073.0,414.0,42.8,121.0,0.49,7.28,7.22,10.0,477.0,205.0,2010,1,16,3.4214876033057853,highCap
103,Bharat Heavy Electricals Limited,BHEL,2003-11-11,68005.0,195.0,954.0,74.9,0.21,3.33,1.7,2.0,200.0,66.3,2003,11,23,2.60347129506008,highCap
104,Info Edge (India) Limited,NAUKRI,2006-11-21,66646.0,5151.0,135.0,1526.0,0.37,2.76,-1.64,10.0,0.0,0.0,2006,11,20,3.375491480996068,highCap
105,Max Healthcare Institute Limited,MAXHEALTH,2020-08-21,66541.0,685.0,67.2,80.8,0.15,15.0,16.1,10.0,732.0,412.0,2020,8,6,8.477722772277229,highCap
106,Bosch Limited,BOSCHLTD,2003-05-12,65497.0,22207.0,42.8,3927.0,2.14,17.4,13.2,10.0,0.0,0.0,2003,5,23,5.654952890247008,highCap
107,NHPC Limited,NHPC,2009-09-01,64911.0,64.6,16.6,38.9,2.86,8.49,10.8,10.0,67.0,37.8,2009,9,17,1.660668380462725,highCap
108,Aurobindo Pharma Limited,AUROPHARMA,2000-07-19,63188.0,1078.0,26.8,481.0,0.28,9.2,7.47,1.0,0.0,397.0,2000,7,26,2.241164241164241,highCap
109,IDFC First Bank Limited,IDFCFIRSTB,2015-11-06,62329.0,88.2,21.4,39.1,0.0,6.59,10.6,10.0,101.0,52.1,2015,11,11,2.2557544757033248,highCap
110,The Indian Hotels Company Limited,INDHOTEL,1996-07-03,62135.0,437.0,56.5,58.3,0.23,12.6,12.7,1.0,451.0,280.0,1996,7,30,7.495711835334477,highCap
111,Alkem Laboratories Limited,ALKEM,2015-12-23,61589.0,5151.0,41.0,823.0,0.49,13.7,12.1,2.0,0.0,0.0,2015,12,11,6.258809234507898,highCap
112,Solar Industries India Limited,SOLARINDS,2006-04-03,60622.0,6699.0,75.0,316.0,0.12,34.7,33.4,2.0,0.0,0.0,2006,4,20,21.199367088607595,highCap
113,Yes Bank Limited,YESBANK,2005-07-12,60572.0,21.1,72.4,13.8,0.0,4.94,1.99,2.0,23.0,14.1,2005,7,21,1.528985507246377,highCap
114,Lupin Limited,LUPIN,2001-09-10,60358.0,1326.0,45.3,291.0,0.3,5.73,3.33,2.0,0.0,628.0,2001,9,25,4.556701030927835,highCap
115,NMDC Limited,NMDC,2008-03-03,60077.0,205.0,12.0,83.6,3.25,30.2,23.0,1.0,209.0,104.0,2008,3,18,2.452153110047847,highCap
116,Muthoot Finance Limited,MUTHOOTFIN,2011-05-06,59221.0,1475.0,14.9,570.0,1.48,12.1,17.9,10.0,0.0,911.0,2011,5,15,2.587719298245614,highCap
117,Bharat Forge Limited,BHARATFORG,2003-04-04,57607.0,1237.0,88.0,151.0,0.56,7.7,6.88,2.0,0.0,744.0,2003,4,23,8.19205298013245,highCap
118,Supreme Industries Limited,SUPREMEIND,1995-07-19,56898.0,4479.0,55.3,363.0,0.58,26.8,21.0,2.0,0.0,0.0,1995,7,31,12.338842975206612,highCap
119,Patanjali Foods Limited,PATANJALI,2020-01-24,56797.0,1569.0,0.0,-140.0,0.4,1.58,0.0,2.0,0.0,852.0,2020,1,6,-11.207142857142857,highCap
120,Persistent Systems Limited,PERSISTENT,2010-04-06,56771.0,7380.0,56.6,574.0,0.54,30.3,25.3,10.0,0.0,0.0,2010,4,16,12.857142857142858,highCap
121,Hindustan Petroleum Corporation Limited,HINDPETRO,1998-06-17,56706.0,400.0,3.46,318.0,0.0,-8.08,-18.9,10.0,436.0,212.0,1998,6,28,1.2578616352201257,highCap
122,Indian Bank,INDIANB,2007-03-01,56310.0,418.0,8.16,398.0,2.06,4.55,11.8,10.0,463.0,252.0,2007,3,19,1.050251256281407,highCap
123,Godrej Properties Limited,GODREJPROP,2010-01-05,56011.0,2014.0,84.8,340.0,0.0,5.69,5.39,5.0,0.0,0.0,2010,1,16,5.923529411764706,highCap
124,L&T Technology Services Limited,LTTS,2016-09-23,55394.0,5241.0,43.6,453.0,0.87,32.6,25.0,2.0,0.0,0.0,2016,9,10,11.56953642384106,highCap
125,General Insurance Corporation of India,GICRE,2017-10-25,54579.0,311.0,8.23,272.0,2.3,19.8,17.0,5.0,338.0,128.0,2017,10,9,1.1433823529411764,highCap
126,Tata Elxsi Limited,TATAELXSI,2003-09-17,54430.0,8740.0,533.0,45.5,0.69,60.0,39.3,10.0,0.0,0.0,2003,9,23,192.0879120879121,highCap
127,Cummins India Limited,CUMMINSIND,1995-03-29,54401.0,1962.0,37.6,219.0,1.27,26.9,22.1,2.0,0.0,0.0,1995,3,31,8.95890410958904,highCap
128,MRF Limited,MRF,1996-09-18,54081.0,127550.0,32.0,37328.0,0.14,7.43,4.87,10.0,0.0,0.0,1996,9,30,3.417006000857265,highCap
129,Ashok Leyland Limited,ASHOKLEY,1995-05-25,53408.0,182.0,25.1,30.2,1.46,11.4,15.0,1.0,192.0,133.0,1995,5,31,6.026490066225166,highCap
130,PI Industries Limited,PIIND,2011-06-15,53158.0,3504.0,35.5,526.0,0.29,21.7,18.5,1.0,0.0,0.0,2011,6,15,6.661596958174905,highCap
131,Indus Towers Limited,INDUSTOWER,2012-12-28,52767.0,196.0,14.7,87.9,0.0,11.3,9.71,10.0,203.0,135.0,2012,12,14,2.229806598407281,highCap
132,Oberoi Realty Limited,OBEROIRLTY,2010-10-20,52593.0,1446.0,26.8,353.0,0.27,16.0,16.6,10.0,0.0,790.0,2010,10,16,4.096317280453258,highCap
133,Container Corporation of India Limited,CONCOR,1997-05-07,52399.0,860.0,44.3,190.0,1.26,13.7,10.6,5.0,880.0,555.0,1997,5,29,4.526315789473684,highCap
134,AU Small Finance Bank Limited,AUBANK,2017-07-10,52208.0,781.0,153.0,0.0,0.13,12.4,22.3,10.0,799.0,548.0,2017,7,9,inf,highCap
135,Fertilizers and Chemicals Travancore Limited,FACT,1995-04-12,52141.0,806.0,91.2,21.8,0.12,30.3,62.5,10.0,861.0,192.0,1995,4,31,36.97247706422018,highCap
136,MphasiS Limited,MPHASIS,2004-06-04,51846.0,2747.0,32.3,419.0,1.83,28.9,21.9,10.0,0.0,0.0,2004,6,22,6.556085918854415,highCap
137,Suzlon Energy Limited,SUZLON,2005-10-19,51334.0,38.1,139.0,2.53,0.0,20.8,0.0,2.0,44.0,6.95,2005,10,21,15.059288537549408,highCap
138,Bank of India,BANKINDIA,1997-04-30,51309.0,113.0,9.49,147.0,1.77,4.42,6.33,10.0,121.0,66.0,1997,4,29,0.7687074829931972,highCap
139,Astral Limited,ASTRAL,2007-03-20,50898.0,1895.0,93.6,108.0,0.17,23.6,17.9,1.0,0.0,0.0,2007,3,19,17.546296296296298,highCap
140,Tata Communications Limited,TATACOMM,1995-04-12,50766.0,1781.0,38.5,51.0,1.18,23.9,142.0,10.0,0.0,0.0,1995,4,31,34.92156862745098,highCap
141,Steel Authority of India Limited,SAIL,1995-07-06,50372.0,122.0,15.1,136.0,1.23,5.89,3.57,10.0,124.0,77.6,1995,7,31,0.8970588235294118,highCap
142,FSN E-Commerce Ventures Limited,NYKAA,2021-11-10,49862.0,175.0,0.0,4.88,0.0,5.52,1.42,1.0,183.0,114.0,2021,11,5,35.86065573770492,highCap
143,Schaeffler India Limited,SCHAEFFLER,2000-11-29,49482.0,3166.0,57.0,0.0,0.76,0.0,0.0,2.0,0.0,0.0,2000,11,26,inf,highCap
144,Balkrishna Industries Limited,BALKRISIND,2006-01-27,49119.0,2541.0,46.9,425.0,0.63,13.8,13.8,2.0,0.0,0.0,2006,1,20,5.978823529411764,highCap
145,Linde India Limited,LINDEINDIA,1999-06-16,48282.0,5662.0,116.0,381.0,0.08,20.8,18.1,10.0,0.0,0.0,1999,6,27,14.860892388451443,highCap
146,Tata Technologies Limited,TATATECH,2023-11-30,48110.0,1186.0,77.1,0.0,0.0,28.1,23.7,2.0,0.0,0.0,2023,11,3,inf,highCap
147,UCO Bank,UCOBANK,2003-10-09,47465.0,39.7,25.8,21.4,0.0,4.74,7.59,10.0,48.5,22.2,2003,10,23,1.8551401869158881,highCap
148,Jindal Stainless Limited,JSL,2003-11-17,46923.0,570.0,17.8,161.0,0.26,20.8,19.1,2.0,578.0,224.0,2003,11,23,3.540372670807453,highCap
149,United Breweries Limited,UBL,2008-07-28,46786.0,1770.0,164.0,152.0,0.43,11.4,8.27,1.0,0.0,0.0,2008,7,18,11.644736842105264,highCap
150,Prestige Estates Projects Limited,PRESTIGE,2010-10-27,46402.0,1158.0,27.2,275.0,0.13,10.3,7.56,10.0,0.0,391.0,2010,10,16,4.210909090909091,highCap
151,GMR Airports Infrastructure Limited,GMRINFRA,2006-08-21,46374.0,76.8,0.0,-1.66,0.0,4.49,0.0,1.0,79.5,36.0,2006,8,20,-46.265060240963855,highCap
152,Mazagon Dock Shipbuilders Limited,MAZDOCK,2020-10-12,46187.0,2290.0,34.8,268.0,0.69,32.7,26.0,10.0,0.0,612.0,2020,10,6,8.544776119402986,highCap
153,Adani Wilmar Limited,AWL,2022-02-08,46009.0,354.0,251.0,61.3,0.0,15.0,7.41,1.0,628.0,286.0,2022,2,4,5.774877650897227,highCap
154,JSW Infrastructure Limited,JSWINFRA,2023-10-03,44552.0,212.0,60.1,0.0,0.0,16.7,20.4,2.0,248.0,142.0,2023,10,3,inf,highCap
155,Torrent Power Limited,TORNTPOWER,2006-11-28,44462.0,925.0,20.4,247.0,1.4,18.3,19.6,10.0,0.0,431.0,2006,11,20,3.7449392712550607,highCap
156,UPL Limited,UPL,2004-01-23,44248.0,590.0,25.9,385.0,1.71,14.3,13.4,2.0,780.0,528.0,2004,1,22,1.5324675324675325,highCap
157,Central Bank of India,CENTRALBK,2007-08-21,43926.0,50.6,20.1,33.7,0.0,4.29,5.92,10.0,56.0,22.2,2007,8,19,1.5014836795252224,highCap
158,Aditya Birla Capital Limited,ABCAPITAL,2017-09-01,43127.0,166.0,16.1,95.3,0.0,11.4,26.8,10.0,199.0,133.0,2017,9,9,1.7418677859391396,highCap
159,Dalmia Bharat Limited,DALBHARAT,2019-01-22,43106.0,2298.0,37.5,854.0,0.39,8.48,6.97,2.0,0.0,0.0,2019,1,7,2.690866510538642,highCap
160,APL Apollo Tubes Limited,APLAPOLLO,2011-12-14,42586.0,1534.0,55.5,118.0,0.32,26.9,23.5,2.0,0.0,0.0,2011,12,15,13.0,highCap
161,KPIT Technologies Limited,KPITTECH,2019-04-22,41656.0,1520.0,85.2,67.8,0.27,30.2,25.7,10.0,0.0,676.0,2019,4,7,22.4188790560472,highCap
162,ACC Limited,ACC,1996-11-20,41032.0,2185.0,31.4,789.0,0.43,10.0,7.06,10.0,0.0,0.0,1996,11,30,2.7693282636248417,highCap
163,Oil India Limited,OIL,2009-09-30,40768.0,376.0,5.9,370.0,5.31,25.4,25.2,10.0,406.0,205.0,2009,9,17,1.0162162162162163,highCap
164,3M India Limited,MINDIA,2004-08-13,40714.0,36126.0,76.0,1634.0,0.28,31.4,23.4,10.0,0.0,0.0,2004,8,22,22.108935128518972,highCap
165,L&T Finance Holdings Limited,L&TFH,2011-08-12,40485.0,163.0,22.2,89.4,1.22,7.56,6.41,10.0,166.0,79.0,2011,8,15,1.8232662192393734,highCap
166,Gujarat Fluorochemicals Limited,FLUOROCHEM,2019-10-16,40452.0,3682.0,44.2,524.0,0.11,29.6,27.0,1.0,0.0,0.0,2019,10,7,7.026717557251908,highCap
167,One 97 Communications Limited,PAYTM,2021-11-18,40448.0,637.0,0.0,206.0,0.0,-12.5,-13.1,1.0,998.0,503.0,2021,11,5,3.092233009708738,highCap
168,The Phoenix Mills Limited,PHOENIXLTD,2007-04-23,40021.0,2240.0,45.1,494.0,0.22,9.94,11.4,2.0,0.0,0.0,2007,4,19,4.534412955465587,highCap
169,Dixon Technologies (India) Limited,DIXON,2017-09-18,39105.0,6538.0,127.0,244.0,0.05,24.2,22.5,2.0,0.0,0.0,2017,9,9,26.795081967213115,highCap
170,UNO Minda Limited,UNOMINDA,2007-02-02,39036.0,681.0,52.6,77.6,0.22,18.1,17.1,2.0,695.0,433.0,2007,2,19,8.775773195876289,highCap
171,Coforge Limited,COFORGE,2004-08-30,38768.0,6286.0,53.4,541.0,1.03,30.8,25.1,10.0,0.0,0.0,2004,8,22,11.619223659889094,highCap
172,Sundaram Finance Limited,SUNDARMFIN,1998-01-07,38666.0,3480.0,25.7,952.0,0.76,8.0,14.1,10.0,0.0,0.0,1998,1,28,3.6554621848739495,highCap
173,The Federal Bank  Limited,FEDERALBNK,1995-02-08,38022.0,156.0,10.4,105.0,0.63,5.91,15.3,2.0,159.0,121.0,1995,2,31,1.4857142857142858,highCap
174,Jubilant Foodworks Limited,JUBLFOOD,2010-02-08,37687.0,571.0,160.0,31.6,0.21,16.2,18.1,2.0,587.0,412.0,2010,2,16,18.069620253164555,highCap
175,Sona BLW Precision Forgings Limited,SONACOMS,2021-06-24,37468.0,639.0,79.4,41.6,0.43,22.0,18.3,10.0,649.0,401.0,2021,6,5,15.360576923076923,highCap
176,Rail Vikas Nigam Limited,RVNL,2019-04-11,37218.0,178.0,25.1,37.9,1.17,17.8,20.8,10.0,199.0,56.0,2019,4,7,4.696569920844327,highCap
177,Thermax Limited,THERMAX,1995-08-30,37125.0,3116.0,69.9,335.0,0.32,15.1,12.3,2.0,0.0,0.0,1995,8,31,9.301492537313433,highCap
178,Coromandel International Limited,COROMANDEL,1995-05-31,36583.0,1243.0,18.1,308.0,0.97,38.3,28.1,1.0,0.0,838.0,1995,5,31,4.035714285714286,highCap
179,Oracle Financial Services Software Limited,OFSS,2002-06-28,36439.0,4206.0,19.8,750.0,5.35,35.1,24.8,5.0,0.0,0.0,2002,6,24,5.608,highCap
180,PB Fintech Limited,POLICYBZR,2021-11-15,36233.0,803.0,0.0,125.0,0.0,-8.27,-8.95,2.0,891.0,391.0,2021,11,5,6.424,highCap
181,Kalyan Jewellers India Limited,KALYANKJIL,2021-03-26,35357.0,343.0,68.2,37.4,0.14,12.7,13.5,10.0,362.0,101.0,2021,3,5,9.171122994652407,highCap
182,The New India Assurance Company Limited,NIACL,2017-11-13,34995.0,212.0,37.1,165.0,0.9,4.87,4.07,5.0,262.0,94.2,2017,11,9,1.284848484848485,highCap
183,AIA Engineering Limited,AIAENG,2005-12-14,34842.0,3694.0,28.7,650.0,0.43,25.1,20.0,2.0,0.0,0.0,2005,12,21,5.683076923076923,highCap
184,NLC India Limited,NLCINDIA,2000-08-23,34708.0,250.0,17.9,119.0,1.38,13.5,15.5,10.0,267.0,69.7,2000,8,26,2.100840336134454,highCap
185,Mahindra & Mahindra Financial Services Limited,M&MFIN,2006-03-17,34244.0,277.0,17.3,151.0,2.16,8.87,11.9,2.0,347.0,216.0,2006,3,20,1.8344370860927153,highCap
186,Metro Brands Limited,METROBRAND,2021-12-22,33986.0,1250.0,100.0,61.6,0.31,24.3,25.4,5.0,0.0,736.0,2021,12,5,20.29220779220779,highCap
187,Deepak Nitrite Limited,DEEPAKNTR,2010-09-29,33708.0,2471.0,42.3,318.0,0.31,29.7,22.7,2.0,0.0,0.0,2010,9,16,7.770440251572327,highCap
188,Poonawalla Fincorp Limited,POONAWALLA,2004-04-27,33663.0,438.0,39.2,102.0,0.45,8.53,10.5,2.0,452.0,274.0,2004,4,22,4.294117647058823,highCap
189,Petronet LNG Limited,PETRONET,2004-03-26,33338.0,222.0,9.56,110.0,3.17,26.6,23.0,10.0,254.0,192.0,2004,3,22,2.018181818181818,highCap
190,Escorts Kubota Limited,ESCORTS,1995-03-01,32967.0,2983.0,36.2,783.0,0.24,11.3,8.56,10.0,0.0,0.0,1995,3,31,3.80970625798212,highCap
191,Max Financial Services Limited,MFSL,2000-05-17,32795.0,950.0,64.8,109.0,0.0,11.9,10.2,2.0,0.0,599.0,2000,5,26,8.715596330275229,highCap
192,Voltas Limited,VOLTAS,1995-04-12,32430.0,980.0,106.0,173.0,0.45,9.67,4.42,1.0,993.0,737.0,1995,4,31,5.664739884393064,highCap
193,GlaxoSmithKline Pharmaceuticals Limited,GLAXO,2000-12-15,32160.0,1898.0,50.6,90.9,1.69,36.4,26.8,10.0,0.0,0.0,2000,12,26,20.88008800880088,highCap
194,Bank of Maharashtra,MAHABANK,2004-04-12,31831.0,45.0,9.33,23.5,2.93,4.44,17.4,10.0,51.9,22.8,2004,4,22,1.9148936170212767,highCap
195,Gland Pharma Limited,GLAND,2020-11-20,31740.0,1927.0,43.3,504.0,0.0,14.8,10.9,1.0,0.0,861.0,2020,11,6,3.8234126984126986,highCap
196,CRISIL Limited,CRISIL,1995-06-28,31504.0,4309.0,51.9,263.0,1.14,41.1,32.9,1.0,0.0,0.0,1995,6,31,16.38403041825095,highCap
197,Fortis Healthcare Limited,FORTIS,2007-05-09,31410.0,416.0,59.5,101.0,0.25,9.83,7.77,10.0,417.0,245.0,2007,5,19,4.118811881188119,highCap
198,Gujarat Gas Limited,GUJGASLTD,2015-09-15,31294.0,455.0,25.0,103.0,1.47,31.2,24.2,2.0,526.0,397.0,2015,9,11,4.41747572815534,highCap
199,Vedant Fashions Limited,MANYAVAR,2022-02-16,30653.0,1262.0,76.7,54.7,0.71,39.2,34.0,1.0,0.0,0.0,2022,2,4,23.071297989031077,highCap
200,Lloyds Metals And Energy Limited,LLOYDSME,2023-07-17,30146.0,597.0,26.6,43.2,0.0,81.3,89.8,1.0,688.0,234.0,2023,7,3,13.819444444444443,highCap
201,ZF Commercial Vehicle Control Systems India Limited,ZFCVINDIA,2008-10-01,29938.0,15790.0,76.4,1366.0,0.08,18.9,13.9,5.0,0.0,0.0,2008,10,18,11.559297218155198,highCap
202,Biocon Limited,BIOCON,2004-04-07,29895.0,249.0,37.1,158.0,0.61,5.92,4.78,5.0,280.0,192.0,2004,4,22,1.5759493670886076,highCap
203,BSE Limited,BSE,2017-02-03,29884.0,2208.0,85.8,229.0,0.54,13.2,8.65,2.0,0.0,406.0,2017,2,9,9.641921397379912,highCap
204,KEI Industries Limited,KEI,2006-03-23,29579.0,3278.0,56.0,317.0,0.09,25.8,20.2,2.0,0.0,0.0,2006,3,20,10.340694006309148,highCap
205,JK Cement Limited,JKCEMENT,2006-03-14,29282.0,3790.0,65.3,631.0,0.4,10.4,9.48,10.0,0.0,0.0,2006,3,20,6.006339144215531,highCap
206,ITI Limited,ITI,2003-09-15,29240.0,304.0,0.0,22.0,0.0,-3.57,-14.5,10.0,338.0,86.5,2003,9,23,13.818181818181818,highCap
207,LIC Housing Finance Limited,LICHSGFIN,1998-07-29,29230.0,531.0,7.04,531.0,1.59,7.57,11.1,2.0,544.0,315.0,1998,7,28,1.0,highCap
208,Indraprastha Gas Limited,IGL,2003-12-26,29092.0,416.0,16.1,129.0,3.11,26.6,20.5,2.0,516.0,376.0,2003,12,23,3.2248062015503876,highCap
209,Angel One Limited,ANGELONE,2020-10-05,28812.0,3432.0,28.2,311.0,1.16,44.0,47.1,10.0,0.0,999.0,2020,10,6,11.035369774919614,highCap
210,Delhivery Limited,DELHIVERY,2022-05-24,28619.0,389.0,0.0,124.0,0.0,-11.4,-13.5,1.0,452.0,291.0,2022,5,4,3.1370967741935485,highCap
211,Apollo Tyres Limited,APOLLOTYRE,1995-05-31,28392.0,447.0,17.8,204.0,0.91,10.2,8.77,1.0,485.0,303.0,1995,5,31,2.1911764705882355,highCap
212,Tata Chemicals Limited,TATACHEM,1999-04-01,28355.0,1113.0,14.4,840.0,1.54,11.6,12.0,10.0,0.0,912.0,1999,4,27,1.325,highCap
213,Syngene International Limited,SYNGENE,2015-08-11,28332.0,705.0,56.2,96.8,0.07,14.5,13.4,10.0,860.0,545.0,2015,8,11,7.283057851239669,highCap
214,K.P.R. Mill Limited,KPRMILL,2007-08-28,28024.0,820.0,35.6,118.0,0.5,24.4,23.4,1.0,928.0,506.0,2007,8,19,6.9491525423728815,highCap
215,IPCA Laboratories Limited,IPCALAB,1995-02-08,28015.0,1104.0,57.9,242.0,0.36,11.2,8.04,1.0,0.0,670.0,1995,2,31,4.56198347107438,highCap
216,Sun TV Network Limited,SUNTV,2006-04-24,27935.0,709.0,15.0,256.0,2.11,25.5,19.2,5.0,732.0,394.0,2006,4,20,2.76953125,highCap
217,Nippon Life India Asset Management Limited,NAM-INDIA,2017-11-06,27705.0,442.0,31.4,57.1,2.63,26.6,20.7,10.0,489.0,197.0,2017,11,9,7.740805604203152,highCap
218,Indian Renewable Energy Development Agency Limited,IREDA,2023-11-29,27439.0,102.0,79.2,0.0,0.0,8.33,12.6,10.0,123.0,50.0,2023,11,3,inf,highCap
219,Kansai Nerolac Paints Limited,KANSAINER,2003-09-15,27012.0,334.0,44.7,65.4,0.54,14.5,10.7,1.0,357.0,247.0,2003,9,23,5.10703363914373,highCap
220,Tata Motors Limited,TATAMTRDVR,2008-11-05,26760.0,526.0,0.0,1086.0,0.42,0.0,-3.68,2.0,537.0,202.0,2008,11,18,0.4843462246777164,highCap
221,Endurance Technologies Limited,ENDURANCE,2016-10-19,26613.0,1892.0,47.3,326.0,0.37,13.8,11.3,10.0,0.0,0.0,2016,10,10,5.803680981595092,highCap
222,Exide Industries Limited,EXIDEIND,2003-06-17,26244.0,309.0,30.2,147.0,0.65,10.2,7.28,1.0,310.0,170.0,2003,6,23,2.1020408163265305,highCap
223,Zee Entertainment Enterprises Limited,ZEEL,1998-09-09,26121.0,272.0,107.0,112.0,0.0,7.94,0.35,1.0,300.0,170.0,1998,9,28,2.4285714285714284,highCap
224,Global Health Limited,MEDANTA,2022-11-16,25876.0,964.0,63.3,98.9,0.0,17.1,16.2,2.0,0.0,426.0,2022,11,4,9.74721941354904,highCap
225,Hindustan Copper Limited,HINDCOPPER,2010-09-15,25873.0,268.0,80.7,22.6,0.34,18.0,14.7,5.0,279.0,93.8,2010,9,16,11.858407079646017,highCap
226,Sundram Fasteners Limited,SUNDRMFAST,2000-06-07,25846.0,1230.0,51.4,153.0,0.54,19.3,17.4,1.0,0.0,935.0,2000,6,26,8.03921568627451,highCap
227,Ajanta Pharma Limited,AJANTPHARM,2000-05-29,25538.0,2028.0,38.7,277.0,0.5,22.6,17.9,2.0,0.0,0.0,2000,5,26,7.32129963898917,highCap
228,Grindwell Norton Limited,GRINDWELL,2006-09-11,25538.0,2306.0,67.7,167.0,0.64,27.6,20.7,5.0,0.0,0.0,2006,9,20,13.808383233532934,highCap
229,Godrej Industries Limited,GODREJIND,2003-02-25,25351.0,753.0,28.8,244.0,0.0,7.81,11.2,1.0,763.0,395.0,2003,2,23,3.0860655737704916,highCap
230,CREDITACCESS GRAMEEN LIMITED,CREDITACC,2018-08-23,25261.0,1587.0,21.0,364.0,0.0,12.1,17.8,10.0,0.0,834.0,2018,8,8,4.3598901098901095,highCap
231,Bayer Cropscience Limited,BAYERCROP,2010-01-08,25228.0,5613.0,512.0,84.5,2.31,20.1,15.8,10.0,0.0,0.0,2010,1,16,66.42603550295858,highCap
232,IRB Infrastructure Developers Limited,IRB,2008-02-25,25207.0,41.7,50.3,22.5,0.47,8.67,5.43,1.0,43.5,22.5,2008,2,18,1.8533333333333335,highCap
233,Housing & Urban Development Corporation Limited,HUDCO,2017-05-19,25154.0,126.0,14.0,78.5,3.07,8.81,11.4,10.0,137.0,40.4,2017,5,9,1.605095541401274,highCap
234,Hatsun Agro Product Limited,HATSUN,2014-06-20,25048.0,1124.0,0.0,0.0,0.54,11.8,5.15,1.0,0.0,785.0,2014,6,12,inf,highCap
235,Cyient Limited,CYIENT,1998-09-30,24948.0,2251.0,35.8,365.0,1.19,19.8,16.6,5.0,0.0,801.0,1998,9,28,6.167123287671233,highCap
236,JB Chemicals & Pharmaceuticals Limited,JBCHEPHARM,2003-04-29,24730.0,1595.0,50.8,175.0,0.55,22.4,17.6,1.0,0.0,875.0,2003,4,23,9.114285714285714,highCap
237,360 ONE WAM LIMITED,ONE,2019-09-19,24716.0,690.0,35.5,91.4,2.49,13.4,21.4,1.0,735.0,395.0,2019,9,7,7.549234135667396,highCap
238,Emami Limited,EMAMILTD,2006-08-03,24707.0,561.0,35.8,54.6,1.39,28.0,28.3,1.0,583.0,341.0,2006,8,20,10.274725274725274,highCap
239,Narayana Hrudayalaya Ltd.,NH,2016-01-06,24497.0,1199.0,33.2,122.0,0.21,31.6,33.1,10.0,0.0,705.0,2016,1,10,9.827868852459016,highCap
240,The Ramco Cements Limited,RAMCOCEM,1997-04-09,24125.0,1021.0,69.3,298.0,0.2,6.48,4.65,1.0,0.0,636.0,1997,4,29,3.4261744966442955,highCap
241,Apar Industries Limited,APARINDS,2004-07-12,24101.0,6000.0,30.8,644.0,0.66,51.1,32.3,10.0,0.0,0.0,2004,7,22,9.316770186335404,highCap
242,Glenmark Pharmaceuticals Limited,GLENMARK,2000-02-07,23998.0,850.0,26.9,331.0,0.29,14.2,5.44,1.0,880.0,369.0,2000,2,26,2.56797583081571,highCap
243,Aarti Industries Limited,AARTIIND,1995-02-08,23650.0,652.0,53.0,139.0,0.38,10.4,11.6,5.0,661.0,438.0,1995,2,31,4.690647482014389,highCap
244,Ratnamani Metals & Tubes Limited,RATNAMANI,2006-05-09,23537.0,3358.0,37.8,402.0,0.34,27.3,21.0,2.0,0.0,0.0,2006,5,20,8.35323383084577,highCap
245,Mangalore Refinery and Petrochemicals Limited,MRPL,2005-01-07,23415.0,134.0,6.17,68.1,0.0,20.1,31.2,10.0,136.0,49.2,2005,1,21,1.9676945668135097,highCap
246,National Aluminium Company Limited,NATIONALUM,1999-04-28,23305.0,127.0,18.3,73.3,3.62,14.4,11.2,5.0,133.0,75.6,1999,4,27,1.732605729877217,highCap
247,ICICI Securities Limited,ISEC,2018-04-04,23257.0,720.0,18.8,101.0,2.65,18.1,42.3,5.0,777.0,416.0,2018,4,8,7.128712871287129,highCap
248,Laurus Labs Limited,LAURUSLABS,2016-12-19,23154.0,430.0,63.0,74.8,0.47,22.8,21.4,2.0,439.0,279.0,2016,12,10,5.748663101604278,highCap
249,SKF India Limited,SKFINDIA,1999-01-27,22989.0,4650.0,47.5,483.0,0.87,34.5,24.8,10.0,0.0,0.0,1999,1,27,9.627329192546584,highCap
250,Devyani International Limited,DEVYANI,2021-08-16,22984.0,191.0,108.0,8.59,0.0,18.4,33.9,1.0,228.0,134.0,2021,8,5,22.235157159487777,highCap
251,IIFL Finance Limited,IIFL,2005-05-17,22832.0,599.0,13.5,260.0,0.66,11.5,19.4,2.0,704.0,408.0,2005,5,21,2.3038461538461537,highCap
252,Radico Khaitan Limited,RADICO,2003-06-18,22383.0,1674.0,94.5,172.0,0.18,11.4,10.4,2.0,0.0,994.0,2003,6,23,9.732558139534884,highCap
253,Piramal Enterprises Limited,PEL,1995-02-08,22187.0,930.0,5.69,1203.0,3.33,2.21,5.72,2.0,0.0,630.0,1995,2,31,0.773067331670823,highCap
254,Tata Investment Corporation Limited,TATAINVEST,1998-06-24,21739.0,4297.0,66.9,4691.0,1.11,1.42,1.28,10.0,0.0,0.0,1998,6,28,0.9160093796631849,highCap
255,Dr. Lal Path Labs Ltd.,LALPATHLAB,2015-12-23,21463.0,2571.0,71.2,212.0,0.47,18.2,15.0,10.0,0.0,0.0,2015,12,11,12.127358490566039,highCap
256,Five-Star Business Finance Limited,FIVESTAR,2022-11-21,21420.0,733.0,137.0,0.0,0.0,17.0,16.0,1.0,877.0,494.0,2022,11,4,inf,highCap
257,Kajaria Ceramics Limited,KAJARIACER,2004-06-01,21344.0,1340.0,53.3,157.0,0.68,19.7,15.8,1.0,0.0,0.0,2004,6,22,8.535031847133759,highCap
258,Aditya Birla Fashion and Retail Limited,ABFRL,2013-07-17,21289.0,224.0,0.0,31.0,0.0,5.03,-2.2,10.0,292.0,184.0,2013,7,13,7.225806451612903,highCap
259,Bata India Limited,BATAINDIA,2003-06-18,21252.0,1654.0,67.6,109.0,0.83,19.6,19.8,5.0,0.0,0.0,2003,6,23,15.174311926605505,highCap
260,Carborundum Universal Limited,CARBORUNIV,1996-04-03,21035.0,1107.0,47.3,151.0,0.32,19.7,15.4,1.0,0.0,800.0,1996,4,30,7.33112582781457,highCap
261,Atul Limited,ATUL,1998-05-06,20997.0,7114.0,54.2,1661.0,0.35,15.3,11.5,10.0,0.0,0.0,1998,5,28,4.282962071041541,highCap
262,Sonata Software Limited,SONATSOFTW,1999-07-28,20788.0,741.0,43.7,51.4,1.06,39.1,37.7,1.0,804.0,277.0,1999,7,27,14.416342412451362,highCap
263,Brigade Enterprises Limited,BRIGADE,2007-12-31,20756.0,899.0,87.8,147.0,0.22,8.41,6.34,10.0,935.0,431.0,2007,12,19,6.115646258503402,highCap
264,Aster DM Healthcare Limited,ASTERDM,2018-02-26,20557.0,412.0,63.4,87.6,0.0,9.21,11.0,10.0,424.0,201.0,2018,2,8,4.703196347031964,highCap
265,PNB Housing Finance Limited,PNBHOUSING,2016-11-07,20214.0,778.0,15.8,547.0,0.0,8.25,10.0,10.0,833.0,383.0,2016,11,10,1.4223034734917732,highCap
266,Sumitomo Chemical India Limited,SUMICHEM,2020-01-27,20171.0,404.0,54.9,50.6,0.3,29.1,22.5,10.0,499.0,371.0,2020,1,6,7.984189723320158,highCap
267,IDFC Limited,IDFC,2005-08-12,20120.0,126.0,31.4,75.8,0.0,-24.4,-25.3,10.0,137.0,72.8,2005,8,21,1.662269129287599,highCap
268,BIRLASOFT LIMITED,BSOFT,1999-11-24,19832.0,719.0,52.4,98.9,0.49,17.2,12.9,2.0,746.0,250.0,1999,11,27,7.269969666329626,midCap
269,Pfizer Limited,PFIZER,1999-04-28,19569.0,4278.0,128.0,302.0,0.82,27.2,19.8,10.0,0.0,0.0,1999,4,27,14.165562913907285,midCap
270,Crompton Greaves Consumer Electricals Limited,CROMPTON,2016-05-13,19558.0,306.0,45.3,42.6,1.0,16.0,18.1,2.0,349.0,251.0,2016,5,10,7.183098591549296,midCap
271,Blue Star Limited,BLUESTARCO,2000-06-15,19420.0,944.0,61.4,114.0,1.27,24.4,23.4,2.0,0.0,589.0,2000,6,26,8.280701754385966,midCap
272,Navin Fluorine International Limited,NAVINFLUOR,2007-06-01,19204.0,3874.0,52.6,457.0,0.18,20.4,18.2,2.0,0.0,0.0,2007,6,19,8.477024070021882,midCap
273,Cholamandalam Financial Holdings Limited,CHOLAHLDNG,2017-09-25,19054.0,1015.0,12.4,451.0,0.05,9.78,18.3,1.0,0.0,511.0,2017,9,9,2.2505543237250554,midCap
274,Central Depository Services (India) Limited,CDSL,2017-06-30,19034.0,1821.0,59.5,117.0,0.88,30.3,23.8,10.0,0.0,881.0,2017,6,9,15.564102564102564,midCap
275,Sanofi India Limited,SANOFI,2003-05-19,18520.0,8042.0,0.0,314.0,2.41,0.0,0.0,10.0,0.0,0.0,2003,5,23,25.611464968152866,midCap
276,Trident Limited,TRIDENT,2001-02-21,18468.0,36.2,40.4,8.14,1.0,11.9,11.0,1.0,43.8,25.0,2001,2,25,4.447174447174447,midCap
277,Motilal Oswal Financial Services Limited,MOTILALOFS,2007-09-11,18339.0,1235.0,12.7,504.0,0.81,12.9,15.6,1.0,0.0,551.0,2007,9,19,2.4503968253968256,midCap
278,Piramal Pharma Limited,PPLPHARMA,2022-10-19,18257.0,138.0,0.0,58.6,0.0,1.98,-2.76,10.0,142.0,61.6,2022,10,4,2.354948805460751,midCap
279,CIE Automotive India Limited,CIEINDIA,2007-08-30,17978.0,474.0,23.4,134.0,0.0,14.6,-1.65,10.0,580.0,332.0,2007,8,19,3.537313432835821,midCap
280,Tata Teleservices (Maharashtra) Limited,TTML,2000-10-20,17935.0,91.7,0.0,-2.87,0.0,-12.7,0.0,10.0,109.0,49.6,2000,10,26,-31.95121951219512,midCap
281,Suven Pharmaceuticals Limited,SUVENPHAR,2020-03-09,17868.0,702.0,41.4,76.0,0.14,32.5,24.5,1.0,721.0,375.0,2020,3,6,9.236842105263158,midCap
282,R R Kabel Limited,RRKABEL,2023-09-20,17854.0,1583.0,95.4,152.0,0.19,15.6,14.0,5.0,0.0,0.0,2023,9,3,10.414473684210526,midCap
283,Vinati Organics Limited,VINATIORGA,2009-07-28,17843.0,1736.0,43.6,225.0,0.4,30.4,22.6,1.0,0.0,0.0,2009,7,17,7.7155555555555555,midCap
284,Cochin Shipyard Limited,COCHINSHIP,2017-08-11,17759.0,1350.0,45.7,358.0,1.23,8.03,5.89,10.0,0.0,410.0,2017,8,9,3.7709497206703912,midCap
285,CESC Limited,CESC,1995-02-08,17551.0,132.0,12.2,86.8,3.4,11.4,12.2,1.0,133.0,62.1,1995,2,31,1.5207373271889402,midCap
286,Blue Dart Express Limited,BLUEDART,2002-12-12,17453.0,7355.0,59.7,513.0,0.41,26.3,34.9,10.0,0.0,0.0,2002,12,24,14.337231968810917,midCap
287,Affle (India) Limited,AFFLE,2019-08-08,17409.0,1242.0,65.9,120.0,0.0,20.2,18.5,2.0,0.0,866.0,2019,8,7,10.35,midCap
288,Whirlpool of India Limited,WHIRLPOOL,2010-04-06,17276.0,1362.0,86.9,282.0,0.37,8.43,6.37,10.0,0.0,0.0,2010,4,16,4.829787234042553,midCap
289,JBM Auto Limited,JBMA,2004-12-17,17263.0,1460.0,126.0,90.1,0.09,11.8,12.9,2.0,0.0,482.0,2004,12,22,16.204217536071035,midCap
290,Jyothy Labs Limited,JYOTHYLAB,2007-12-19,17259.0,470.0,52.8,44.6,0.65,18.1,14.7,1.0,498.0,180.0,2007,12,19,10.538116591928251,midCap
291,Elgi Equipments Limited,ELGIEQUIP,1995-11-22,17259.0,545.0,43.0,46.1,0.38,24.4,23.8,1.0,623.0,355.0,1995,11,31,11.822125813449023,midCap
292,Gujarat State Petronet Limited,GSPL,2006-02-16,17248.0,306.0,11.3,176.0,1.63,26.6,18.9,10.0,316.0,254.0,2006,2,20,1.7386363636363635,midCap
293,Century Plyboards (India) Limited,CENTURYPLY,2006-03-23,17218.0,775.0,45.2,93.3,0.13,27.0,22.8,1.0,850.0,436.0,2006,3,20,8.306538049303322,midCap
294,Cello World Limited,CELLO,2023-11-06,16779.0,791.0,63.1,0.0,0.0,48.1,125.0,5.0,837.0,749.0,2023,11,3,inf,midCap
295,Kaynes Technology India Limited,KAYNES,2022-11-22,16641.0,2604.0,137.0,175.0,0.0,21.5,16.4,10.0,0.0,713.0,2022,11,4,14.88,midCap
296,Indiamart Intermesh Limited,INDIAMART,2019-07-04,16636.0,2717.0,51.6,252.0,0.38,18.8,14.4,10.0,0.0,0.0,2019,7,7,10.781746031746032,midCap
297,RHI MAGNESITA INDIA LIMITED,RHIM,2012-03-12,16625.0,805.0,107.0,197.0,0.31,10.8,14.0,1.0,893.0,576.0,2012,3,14,4.086294416243655,midCap
298,RBL Bank Limited,RBLBANK,2016-08-31,16602.0,276.0,14.2,226.0,0.55,5.5,7.06,10.0,294.0,132.0,2016,8,10,1.2212389380530972,midCap
299,PVR INOX Limited,PVRINOX,2006-01-04,16277.0,1659.0,0.0,758.0,0.0,3.28,-7.76,10.0,0.0,0.0,2006,1,20,2.188654353562005,midCap
300,Multi Commodity Exchange of India Limited,MCX,2012-03-09,16259.0,3188.0,363.0,261.0,0.59,13.2,10.3,10.0,0.0,0.0,2012,3,14,12.21455938697318,midCap
301,Finolex Cables Limited,FINCABLES,1995-02-15,16112.0,1054.0,25.0,301.0,0.66,15.6,12.2,2.0,0.0,525.0,1995,2,31,3.5016611295681064,midCap
302,DCM Shriram Limited,DCMSHRIRAM,1995-04-12,16088.0,1032.0,26.0,399.0,1.36,19.0,15.1,2.0,0.0,730.0,1995,4,31,2.5864661654135337,midCap
303,Aptus Value Housing Finance India Limited,APTUS,2021-08-24,15886.0,318.0,28.8,71.0,1.26,14.6,16.1,2.0,343.0,234.0,2021,8,5,4.47887323943662,midCap
304,Ircon International Limited,IRCON,2018-09-28,15876.0,169.0,17.9,58.9,1.76,15.7,15.4,2.0,182.0,50.1,2018,9,8,2.869269949066214,midCap
305,Krishna Institute of Medical Sciences Limited,KIMS,2021-06-28,15830.0,1978.0,46.3,227.0,0.0,23.7,21.3,10.0,0.0,0.0,2021,6,5,8.713656387665198,midCap
306,Shyam Metalics and Energy Limited,SHYAMMETL,2021-06-24,15807.0,620.0,15.7,320.0,0.29,15.0,13.0,10.0,640.0,253.0,2021,6,5,1.9375,midCap
307,Inox Wind Limited,INOXWIND,2015-04-09,15595.0,478.0,0.0,50.6,0.0,-8.37,-50.2,10.0,489.0,88.8,2015,4,11,9.446640316205533,midCap
308,Chambal Fertilizers & Chemicals Limited,CHAMBLFERT,1995-06-14,15556.0,374.0,13.7,185.0,1.98,16.0,14.9,10.0,384.0,248.0,1995,6,31,2.0216216216216214,midCap
309,EIH Limited,EIHOTEL,1995-02-08,15540.0,248.0,34.0,56.0,0.45,15.6,11.4,2.0,275.0,150.0,1995,2,31,4.428571428571429,midCap
310,Fine Organic Industries Limited,FINEORG,2018-07-02,15303.0,4991.0,33.3,559.0,0.18,65.3,49.4,5.0,0.0,0.0,2018,7,8,8.928443649373882,midCap
311,Concord Biotech Limited,CONCORDBIO,2023-08-18,15221.0,1455.0,64.1,129.0,0.0,26.4,19.8,1.0,0.0,900.0,2023,8,3,11.279069767441861,midCap
312,KEC International Limited,KEC,2006-03-10,15175.0,590.0,80.8,150.0,0.5,11.8,4.74,2.0,748.0,436.0,2006,3,20,3.933333333333333,midCap
313,TVS Holdings Limited,TVSHLTD,2012-10-23,15169.0,7497.0,22.0,1190.0,0.82,11.9,14.8,5.0,0.0,0.0,2012,10,14,6.3,midCap
314,Indian Energy Exchange Limited,IEX,2017-10-23,15034.0,169.0,45.8,9.79,0.59,50.2,38.6,1.0,172.0,116.0,2017,10,9,17.262512768130748,midCap
315,Alembic Pharmaceuticals Limited,APLLTD,2011-09-20,14978.0,762.0,28.2,227.0,1.04,7.4,7.2,2.0,839.0,462.0,2011,9,15,3.356828193832599,midCap
316,Tejas Networks Limited,TEJASNET,2017-06-27,14736.0,866.0,0.0,177.0,0.0,-1.2,-1.62,10.0,940.0,510.0,2017,6,9,4.892655367231638,midCap
317,NBCC (India) Limited,NBCC,2012-04-12,14719.0,81.8,35.6,11.1,0.66,27.0,20.8,1.0,85.9,31.0,2012,4,14,7.36936936936937,midCap
318,Tanla Platforms Limited,TANLA,2007-01-05,14713.0,1094.0,28.6,130.0,0.91,37.9,31.2,1.0,0.0,493.0,2007,1,19,8.415384615384616,midCap
319,Manappuram Finance Limited,MANAPPURAM,2014-12-01,14593.0,172.0,7.83,125.0,1.74,11.7,16.6,2.0,178.0,101.0,2014,12,12,1.376,midCap
320,Natco Pharma Limited,NATCOPHARM,1995-12-27,14470.0,808.0,12.9,296.0,1.02,17.7,15.3,2.0,928.0,502.0,1995,12,31,2.72972972972973,midCap
321,Honasa Consumer Limited,HONASA,2023-11-07,14405.0,448.0,728.0,0.0,0.0,2.78,0.0,10.0,487.0,256.0,2023,11,3,inf,midCap
322,Chalet Hotels Limited,CHALET,2019-02-07,14376.0,700.0,62.6,82.3,0.0,9.22,10.9,10.0,700.0,327.0,2019,2,7,8.50546780072904,midCap
323,Poly Medicure Limited,POLYMED,2011-12-07,14258.0,1486.0,61.0,139.0,0.21,18.3,14.8,5.0,0.0,820.0,2011,12,15,10.690647482014388,midCap
324,Lakshmi Machine Works Limited,LAXMIMACH,1995-03-29,14166.0,13260.0,34.0,2373.0,0.74,22.9,17.0,10.0,0.0,0.0,1995,3,31,5.587863463969659,midCap
325,The Great Eastern Shipping Company Limited,GESHIP,2006-11-27,14072.0,986.0,5.57,781.0,2.91,20.9,26.8,10.0,0.0,532.0,2006,11,20,1.262483994878361,midCap
326,Welspun Corp Limited,WELCORP,2005-05-24,13947.0,533.0,17.2,193.0,0.92,6.42,3.21,5.0,569.0,178.0,2005,5,21,2.761658031088083,midCap
327,Amara Raja Energy & Mobility Limited,ARE&M,2003-09-05,13918.0,815.0,17.1,331.0,0.75,20.2,14.8,1.0,824.0,546.0,2003,9,23,2.4622356495468276,midCap
328,Redington Limited,REDINGTON,2007-02-15,13899.0,178.0,11.2,88.2,4.06,24.9,21.9,2.0,196.0,136.0,2007,2,19,2.018140589569161,midCap
329,Welspun Living Limited,WELSPUNLIV,2003-12-04,13897.0,143.0,26.4,43.2,0.07,6.01,4.77,1.0,170.0,62.0,2003,12,23,3.310185185185185,midCap
330,Nuvoco Vistas Corporation Limited,NUVOCO,2021-08-23,13879.0,389.0,25.4,248.0,0.0,1.93,4.73,10.0,399.0,288.0,2021,8,5,1.5685483870967742,midCap
331,Zensar Technologies Limited,ZENSARTECH,2003-07-09,13843.0,611.0,26.4,144.0,0.82,14.5,11.2,2.0,644.0,205.0,2003,7,23,4.243055555555555,midCap
332,Bikaji Foods International Limited,BIKAJI,2022-11-16,13839.0,553.0,81.1,41.9,0.13,17.3,14.3,1.0,580.0,333.0,2022,11,4,13.198090692124106,midCap
333,Asahi India Glass Limited,ASAHIINDIA,1998-03-18,13808.0,568.0,40.6,91.2,0.35,20.5,18.6,1.0,651.0,420.0,1998,3,28,6.228070175438596,midCap
334,TITAGARH RAIL SYSTEMS LIMITED,TITAGARH,2008-04-21,13707.0,1018.0,64.6,109.0,0.05,17.6,13.9,2.0,0.0,193.0,2008,4,18,9.339449541284404,midCap
335,Happiest Minds Technologies Limited,HAPPSTMNDS,2020-09-17,13690.0,899.0,57.9,91.6,0.6,29.6,31.3,2.0,0.0,763.0,2020,9,6,9.814410480349345,midCap
336,Aditya Birla Sun Life AMC Limited,ABSLAMC,2021-10-11,13645.0,474.0,20.5,95.1,2.14,33.1,25.3,5.0,495.0,307.0,2021,10,5,4.9842271293375395,midCap
337,Himadri Speciality Chemical Limited,HSCL,2007-03-02,13624.0,309.0,41.5,57.8,0.08,13.7,11.8,1.0,314.0,80.2,2007,3,19,5.346020761245675,midCap
338,Swan Energy Limited,SWANENERGY,2012-05-29,13569.0,514.0,92.7,95.8,0.02,2.19,-3.53,1.0,522.0,193.0,2012,5,14,5.365344467640918,midCap
339,Century Textiles & Industries Limited,CENTURYTEX,2003-06-27,13567.0,1215.0,218.0,337.0,0.41,6.32,4.65,10.0,0.0,588.0,2003,6,23,3.605341246290801,midCap
340,The Jammu & Kashmir Bank Limited,J&KBANK,1998-07-22,13556.0,123.0,9.14,95.9,0.4,4.92,13.1,1.0,140.0,44.6,1998,7,28,1.2825860271115745,midCap
341,Triveni Turbine Limited,TRITURBINE,2011-10-28,13551.0,426.0,58.2,27.9,0.0,28.7,21.5,1.0,457.0,241.0,2011,10,15,15.268817204301076,midCap
342,Sheela Foam Limited,SFL,2016-12-09,13537.0,1245.0,67.4,263.0,0.0,13.6,12.5,5.0,0.0,906.0,2016,12,10,4.733840304182509,midCap
343,BLS International Services Limited,BLS,2016-06-14,13402.0,326.0,50.2,23.1,0.23,31.6,29.5,1.0,360.0,150.0,2016,6,10,14.112554112554111,midCap
344,BASF India Limited,BASF,1995-05-17,13310.0,3075.0,61.9,372.0,0.26,0.0,0.0,10.0,0.0,0.0,1995,5,31,8.266129032258064,midCap
345,Finolex Industries Limited,FINPIPE,1995-02-08,13216.0,213.0,28.8,90.4,0.71,6.53,5.13,2.0,260.0,158.0,1995,2,31,2.3561946902654864,midCap
346,Jindal Saw Limited,JINDALSAW,2003-04-29,13212.0,413.0,12.7,282.0,0.73,11.0,6.09,2.0,515.0,102.0,2003,4,23,1.4645390070921986,midCap
347,Ramkrishna Forgings Limited,RKFORGE,2004-05-05,13180.0,729.0,45.4,93.9,0.28,18.5,20.6,2.0,815.0,243.0,2004,5,22,7.763578274760383,midCap
348,Computer Age Management Services Limited,CAMS,2021-05-07,13062.0,2658.0,42.5,164.0,1.42,46.4,38.2,10.0,0.0,0.0,2021,5,5,16.20731707317073,midCap
349,Firstsource Solutions Limited,FSL,2007-02-22,13061.0,185.0,23.6,52.2,1.91,15.1,16.0,10.0,193.0,101.0,2007,2,19,3.544061302681992,midCap
350,Alkyl Amines Chemicals Limited,ALKYLAMINE,2007-11-26,13053.0,2553.0,68.8,105.0,0.41,41.3,41.4,2.0,0.0,0.0,2007,11,19,24.314285714285713,midCap
351,Jupiter Wagons Limited,JWL,2010-10-18,13031.0,316.0,57.0,26.3,0.16,23.9,16.2,10.0,412.0,85.2,2010,10,16,12.015209125475284,midCap
352,Gujarat Mineral Development Corporation Limited,GMDCLTD,1997-12-17,12949.0,407.0,12.8,183.0,2.83,31.3,22.9,2.0,450.0,123.0,1997,12,29,2.2240437158469946,midCap
353,GE T&D India Limited,GET&D,2008-06-30,12888.0,503.0,69.0,41.9,0.0,0.0,0.0,2.0,503.0,98.6,2008,6,18,12.004773269689737,midCap
354,eClerx Services Limited,ECLERX,2007-12-31,12875.0,2626.0,25.5,403.0,0.04,36.5,29.3,10.0,0.0,0.0,2007,12,19,6.516129032258065,midCap
355,WESTLIFE FOODWORLD LIMITED,WESTLIFE,2023-06-05,12756.0,818.0,118.0,36.1,0.41,14.8,21.7,2.0,0.0,639.0,2023,6,3,22.65927977839335,midCap
356,V-Guard Industries Limited,VGUARD,2008-03-13,12698.0,293.0,59.0,38.8,0.46,15.2,12.6,1.0,335.0,229.0,2008,3,18,7.551546391752578,midCap
357,Nuvama Wealth Management Limited,NUVAMA,2023-09-26,12616.0,3582.0,41.4,713.0,0.0,12.2,14.6,10.0,0.0,0.0,2023,9,3,5.023842917251052,midCap
358,Eris Lifesciences Limited,ERIS,2017-06-29,12394.0,911.0,32.8,177.0,0.8,16.7,18.0,1.0,972.0,551.0,2017,6,9,5.146892655367232,midCap
359,Aegis Logistics Limited,AEGISCHEM,1996-04-03,12389.0,353.0,24.4,104.0,1.63,15.9,15.9,1.0,410.0,280.0,1996,4,30,3.394230769230769,midCap
360,Jai Balaji Industries Limited,JAIBALAJI,2003-12-09,12307.0,767.0,31.8,61.5,0.0,18.3,0.0,10.0,810.0,42.0,2003,12,23,12.471544715447154,midCap
361,RITES Limited,RITES,2018-07-02,12267.0,510.0,25.4,107.0,3.97,29.7,21.3,10.0,584.0,311.0,2018,7,8,4.766355140186916,midCap
362,Maharashtra Seamless Limited,MAHSEAMLES,2004-08-25,12245.0,914.0,11.3,385.0,0.54,19.8,17.5,5.0,0.0,297.0,2004,8,22,2.374025974025974,midCap
363,Signatureglobal (India) Limited,SIGNATURE,2023-09-27,12211.0,869.0,0.0,41.9,0.0,1.15,0.0,1.0,880.0,444.0,2023,9,3,20.73985680190931,midCap
364,HBL Power Systems Limited,HBLPOWER,2007-01-04,12169.0,439.0,68.0,38.2,0.1,13.7,10.7,1.0,480.0,86.1,2007,1,19,11.492146596858637,midCap
365,Ksb Limited,KSB,1995-02-08,12038.0,3458.0,57.4,343.0,0.44,23.2,16.9,10.0,0.0,0.0,1995,2,31,10.081632653061224,midCap
366,Rainbow Childrens Medicare Limited,RAINBOW,2022-05-10,11976.0,1180.0,55.6,112.0,0.25,24.1,25.5,10.0,0.0,682.0,2022,5,4,10.535714285714286,midCap
367,Syrma SGS Technology Limited,SYRMA,2022-08-26,11904.0,670.0,89.5,88.7,0.23,14.9,11.2,10.0,705.0,248.0,2022,8,4,7.553551296505073,midCap
368,Aavas Financiers Limited,AAVAS,2018-10-08,11879.0,1501.0,25.5,444.0,0.0,9.5,14.1,10.0,0.0,0.0,2018,10,8,3.380630630630631,midCap
369,BEML Limited,BEML,2003-11-05,11819.0,2838.0,58.9,569.0,0.36,10.5,6.3,10.0,0.0,0.0,2003,11,23,4.987697715289983,midCap
370,HFCL Limited,HFCL,2011-03-09,11767.0,82.4,38.5,24.9,0.24,15.2,10.2,1.0,87.4,55.8,2011,3,15,3.309236947791165,midCap
371,Akzo Nobel India Limited,AKZOINDIA,2001-06-28,11753.0,2581.0,29.6,294.0,2.51,34.7,26.1,10.0,0.0,0.0,2001,6,25,8.77891156462585,midCap
372,Aether Industries Limited,AETHER,2022-06-03,11705.0,883.0,84.2,154.0,0.0,18.4,15.9,10.0,0.0,778.0,2022,6,4,5.733766233766234,midCap
373,Kalpataru Projects International Limited,KPIL,2000-12-15,11679.0,719.0,29.0,298.0,0.95,14.1,8.57,2.0,727.0,480.0,2000,12,26,2.412751677852349,midCap
374,Gujarat Narmada Valley Fertilizers and Chemicals Limited,GNFC,1995-05-17,11676.0,751.0,12.5,568.0,4.02,22.6,17.2,10.0,763.0,484.0,1995,5,31,1.3221830985915493,midCap
375,Raymond Limited,RAYMOND,1995-10-18,11601.0,1743.0,7.1,630.0,0.18,21.4,22.9,10.0,0.0,0.0,1995,10,31,2.7666666666666666,midCap
376,Bajaj Electricals Limited,BAJAJELEC,2007-11-02,11556.0,1004.0,63.0,117.0,0.39,18.2,11.6,2.0,0.0,884.0,2007,11,19,8.581196581196581,midCap
377,Intellect Design Arena Limited,INTELLECT,2014-12-18,11428.0,836.0,36.1,164.0,0.3,18.8,13.8,5.0,843.0,388.0,2014,12,12,5.097560975609756,midCap
378,Craftsman Automation Limited,CRAFTSMAN,2021-03-25,11293.0,5345.0,37.8,721.0,0.21,20.6,19.8,5.0,0.0,0.0,2021,3,5,7.413314840499306,midCap
379,G R Infraprojects Limited,GRINFRA,2021-07-19,11172.0,1155.0,9.02,703.0,0.0,21.6,26.1,5.0,0.0,930.0,2021,7,5,1.6429587482219061,midCap
380,Anupam Rasayan India Limited,ANURAS,2021-03-24,11095.0,1031.0,62.0,227.0,0.24,12.6,8.82,10.0,0.0,570.0,2021,3,5,4.541850220264317,midCap
381,Olectra Greentech Limited,OLECTRA,2002-03-20,11062.0,1348.0,143.0,106.0,0.03,13.3,8.11,4.0,0.0,374.0,2002,3,24,12.716981132075471,midCap
382,Birla Corporation Limited,BIRLACORPN,1995-04-12,11039.0,1434.0,79.1,817.0,0.17,3.73,0.75,10.0,0.0,843.0,1995,4,31,1.755201958384333,midCap
383,UTI Asset Management Company Limited,UTIAMC,2020-10-12,11004.0,865.0,19.5,313.0,2.54,15.9,11.7,10.0,918.0,608.0,2020,10,6,2.763578274760383,midCap
384,Vardhman Textiles Limited,VTL,2003-01-14,10993.0,380.0,20.7,306.0,0.93,11.5,9.74,2.0,434.0,270.0,2003,1,23,1.2418300653594772,midCap
385,Godfrey Phillips India Limited,GODFRYPHLP,1996-07-24,10907.0,2098.0,13.6,729.0,2.09,21.5,18.2,2.0,0.0,0.0,1996,7,30,2.877914951989026,midCap
386,Godrej Agrovet Limited,GODREJAGRO,2017-10-16,10837.0,564.0,31.2,123.0,1.65,9.63,10.5,10.0,573.0,391.0,2017,10,9,4.585365853658536,midCap
387,Rajesh Exports Limited,RAJESHEXPO,2000-02-09,10792.0,366.0,9.45,516.0,0.27,10.9,10.5,1.0,0.0,334.0,2000,2,26,0.7093023255813954,midCap
388,Indiabulls Housing Finance Limited,IBULHSGFIN,2013-07-23,10708.0,217.0,9.34,384.0,0.56,9.79,6.62,2.0,235.0,91.8,2013,7,13,0.5651041666666666,midCap
389,Graphite India Limited,GRAPHITE,2003-02-07,10700.0,548.0,122.0,285.0,1.54,7.2,4.66,2.0,572.0,252.0,2003,2,23,1.9228070175438596,midCap
390,Newgen Software Technologies Limited,NEWGEN,2018-01-29,10686.0,1525.0,52.2,148.0,0.16,23.7,19.6,10.0,0.0,354.0,2018,1,8,10.304054054054054,midCap
391,Anand Rathi Wealth Limited,ANANDRATHI,2021-12-14,10641.0,2549.0,54.2,132.0,0.48,50.9,41.3,5.0,0.0,689.0,2021,12,5,19.310606060606062,midCap
392,Zydus Wellness Limited,ZYDUSWELL,2009-11-13,10628.0,1670.0,35.2,818.0,0.3,5.93,6.4,10.0,0.0,0.0,2009,11,17,2.041564792176039,midCap
393,C.E. Info Systems Limited,MAPMYINDIA,2021-12-21,10561.0,1954.0,86.1,113.0,0.15,27.4,21.7,2.0,0.0,983.0,2021,12,5,17.292035398230087,midCap
394,Supreme Petrochem Limited,SPLPETRO,2022-05-24,10546.0,561.0,175.0,12.2,1.58,29.7,27.9,2.0,618.0,345.0,2022,5,4,45.98360655737705,midCap
395,Alok Industries Limited,ALOKINDS,2020-02-19,10526.0,21.2,0.0,-38.9,0.0,-6.86,0.0,1.0,24.9,10.1,2020,2,6,-0.544987146529563,midCap
396,Amber Enterprises India Limited,AMBER,2018-01-30,10518.0,3122.0,66.5,581.0,0.0,10.7,8.75,10.0,0.0,0.0,2018,1,8,5.373493975903615,midCap
397,JK Lakshmi Cement Limited,JKLAKSHMI,2006-06-19,10503.0,893.0,29.4,247.0,0.41,14.2,13.1,5.0,916.0,607.0,2006,6,20,3.6153846153846154,midCap
398,Elecon Engineering Company Limited,ELECON,2006-09-29,10473.0,933.0,35.8,126.0,0.2,24.9,20.5,2.0,990.0,350.0,2006,9,20,7.404761904761905,midCap
399,Bombay Burmah Trading Corporation Limited,BBTC,1996-04-03,10463.0,1500.0,39.2,572.0,0.08,15.5,-70.0,2.0,0.0,781.0,1996,4,30,2.6223776223776225,midCap
400,NCC Limited,NCC,2003-10-14,10460.0,167.0,17.2,100.0,1.32,18.7,9.99,2.0,183.0,82.8,2003,10,23,1.67,midCap
401,Caplin Point Laboratories Limited,CAPLIPOINT,2014-06-23,10453.0,1376.0,25.1,273.0,0.33,26.3,25.6,2.0,0.0,575.0,2014,6,12,5.04029304029304,midCap
402,Chennai Petroleum Corporation Limited,CHENNPETRO,2000-06-07,10425.0,700.0,3.64,525.0,3.82,44.8,74.6,10.0,741.0,203.0,2000,6,26,1.3333333333333333,midCap
403,RattanIndia Enterprises Limited,RTNINDIA,2012-07-30,10410.0,75.3,53.1,5.28,0.0,3.12,-7.39,2.0,86.0,32.0,2012,7,14,14.261363636363635,midCap
404,TTK Prestige Limited,TTKPRESTIG,1999-12-22,10352.0,747.0,46.7,141.0,0.81,18.1,13.8,1.0,833.0,652.0,1999,12,27,5.297872340425532,midCap
405,Praj Industries Limited,PRAJIND,1995-10-11,10277.0,559.0,37.8,60.6,0.82,31.0,23.7,2.0,650.0,299.0,1995,10,31,9.224422442244224,midCap
406,Godawari Power And Ispat limited,GPIL,2006-04-25,10247.0,754.0,13.1,297.0,0.53,27.5,22.3,5.0,756.0,338.0,2006,4,20,2.538720538720539,midCap
407,Shree Renuka Sugars Limited,RENUKA,2005-10-31,10168.0,47.8,0.0,-5.59,0.0,9.41,0.0,1.0,59.2,39.4,2005,10,21,-8.550983899821109,midCap
408,EID Parry India Limited,EIDPARRY,1995-05-10,10082.0,568.0,10.2,375.0,1.67,27.4,16.2,1.0,587.0,433.0,1995,5,31,1.5146666666666666,midCap
409,Sterling and Wilson Renewable Energy Limited,SWSOLAR,2019-08-20,10025.0,430.0,0.0,-21.1,0.0,-65.4,-338.0,1.0,459.0,253.0,2019,8,7,-20.379146919431278,midCap
410,ROUTE MOBILE LIMITED,ROUTE,2020-09-21,9925.0,1585.0,27.2,320.0,0.69,22.0,18.7,10.0,0.0,0.0,2020,9,6,4.953125,midCap
411,Railtel Corporation Of India Limited,RAILTEL,2021-02-26,9917.0,309.0,52.8,53.7,0.8,16.2,12.0,10.0,321.0,96.2,2021,2,5,5.754189944134078,midCap
412,Action Construction Equipment Limited,ACE,2006-09-26,9876.0,829.0,42.0,87.7,0.12,26.2,18.8,2.0,895.0,301.0,2006,9,20,9.452679589509692,midCap
413,CEAT Limited,CEATLTD,2008-02-01,9845.0,2434.0,18.8,926.0,0.49,9.38,6.14,10.0,0.0,0.0,2008,2,18,2.6285097192224622,midCap
414,JK Tyre & Industries Limited,JKTYRE,2007-03-19,9828.0,399.0,17.2,153.0,0.51,11.1,9.49,2.0,399.0,142.0,2007,3,19,2.607843137254902,midCap
415,Galaxy Surfactants Limited,GALAXYSURF,2018-02-08,9818.0,2769.0,28.1,572.0,0.8,23.6,22.1,10.0,0.0,0.0,2018,2,8,4.840909090909091,midCap
416,Gujarat State Fertilizers & Chemicals Limited,GSFC,1995-09-06,9675.0,243.0,9.14,310.0,4.06,13.1,10.6,2.0,248.0,116.0,1995,9,31,0.7838709677419354,midCap
417,Kirloskar Oil Engines Limited,KIRLOSENG,2010-12-24,9668.0,667.0,26.1,171.0,0.76,13.4,14.7,2.0,679.0,288.0,2010,12,16,3.9005847953216373,midCap
418,Granules India Limited,GRANULES,2005-06-20,9662.0,399.0,24.5,122.0,0.38,19.4,19.1,1.0,410.0,268.0,2005,6,21,3.2704918032786887,midCap
419,Happy Forgings Limited,HAPPYFORGE,2023-12-27,9654.0,1025.0,46.3,0.0,0.0,26.2,23.5,2.0,0.0,960.0,2023,12,3,inf,midCap
420,Engineers India Limited,ENGINERSIN,1997-08-20,9602.0,171.0,20.3,38.5,1.76,23.7,18.4,5.0,176.0,70.0,1997,8,29,4.441558441558442,midCap
421,Anant Raj Limited,ANANTRAJ,2006-09-27,9553.0,295.0,46.9,90.1,0.17,5.77,5.45,2.0,311.0,90.6,2006,9,20,3.274139844617092,midCap
422,PCBL LIMITED,PCBL,1995-03-29,9537.0,253.0,22.1,82.6,2.15,16.9,15.7,1.0,284.0,108.0,1995,3,31,3.062953995157385,midCap
423,SBFC Finance Limited,SBFC,2023-08-16,9531.0,89.2,63.4,24.4,0.0,9.91,9.97,10.0,97.8,80.2,2023,8,3,3.655737704918033,midCap
424,Lemon Tree Hotels Limited,LEMONTREE,2018-04-09,9523.0,120.0,73.2,10.9,0.0,10.1,13.6,10.0,127.0,72.0,2018,4,8,11.009174311926605,midCap
425,Sobha Limited,SOBHA,2006-12-20,9454.0,997.0,88.0,263.0,0.29,8.32,4.24,10.0,0.0,412.0,2006,12,20,3.790874524714829,midCap
426,JM Financial Limited,JMFINANCIL,2006-10-10,9378.0,98.1,16.1,88.1,1.84,8.3,7.55,1.0,105.0,57.4,2006,10,20,1.1135073779795688,midCap
427,Latent View Analytics Limited,LATENTVIEW,2021-11-23,9337.0,453.0,60.8,62.4,0.0,16.7,13.8,1.0,504.0,310.0,2021,11,5,7.259615384615385,midCap
428,D B Realty Limited,DBREALTY,2010-02-24,9307.0,186.0,82.5,74.4,0.0,-11.7,-37.1,10.0,223.0,55.0,2010,2,16,2.5,midCap
429,Jaiprakash Power Ventures Limited,JPPOWER,2005-04-18,9238.0,13.5,116.0,15.6,0.0,5.16,0.57,10.0,15.3,5.15,2005,4,21,0.8653846153846154,midCap
430,Prism Johnson Limited,PRSMJOHNSN,2003-08-20,9199.0,183.0,0.0,28.0,0.0,0.86,-7.7,10.0,192.0,98.0,2003,8,23,6.535714285714286,midCap
431,Minda Corporation Limited,MINDACORP,2014-10-16,9197.0,385.0,33.0,78.5,0.31,16.5,19.6,2.0,404.0,185.0,2014,10,12,4.904458598726115,midCap
432,Safari Industries (India) Limited,SAFARI,2019-09-12,9119.0,1917.0,56.2,108.0,0.09,37.5,34.4,2.0,0.0,826.0,2019,9,7,17.75,midCap
433,Network18 Media & Investments Limited,NETWORK,2007-02-02,9108.0,87.0,0.0,125.0,0.0,2.2,-2.21,5.0,100.0,45.0,2007,2,19,0.696,midCap
434,Esab India Limited,ESABINDIA,1995-11-01,9088.0,5905.0,169.0,67.6,1.33,90.8,59.3,10.0,0.0,0.0,1995,11,31,87.35207100591717,midCap
435,PNC Infratech Limited,PNCINFRA,2015-05-26,9058.0,353.0,14.7,180.0,0.14,14.8,16.2,2.0,388.0,261.0,2015,5,11,1.961111111111111,midCap
436,Sapphire Foods India Limited,SAPPHIRE,2021-11-18,9044.0,1420.0,43.5,206.0,0.0,9.81,20.7,10.0,0.0,0.0,2021,11,5,6.893203883495145,midCap
437,Usha Martin Limited,USHAMART,2000-10-11,9023.0,296.0,22.6,70.6,0.83,21.2,18.8,1.0,374.0,164.0,2000,10,26,4.192634560906516,midCap
438,MMTC Limited,MMTC,2012-04-09,8974.0,59.8,66.5,9.64,0.0,23.0,49.2,1.0,89.2,26.3,2012,4,14,6.203319502074688,midCap
439,Sun Pharma Advanced Research Company Limited,SPARC,2007-07-18,8889.0,274.0,0.0,10.2,0.0,0.0,0.0,1.0,289.0,160.0,2007,7,19,26.862745098039216,midCap
440,Rashtriya Chemicals and Fertilizers Limited,RCF,1998-01-07,8857.0,161.0,20.6,85.3,3.25,21.2,21.2,10.0,164.0,89.5,1998,1,28,1.8874560375146543,midCap
441,KRBL Limited,KRBL,2002-01-21,8849.0,376.0,13.2,196.0,0.27,20.9,16.0,1.0,471.0,320.0,2002,1,24,1.9183673469387754,midCap
442,Medplus Health Services Limited,MEDPLUS,2021-12-23,8831.0,740.0,152.0,128.0,0.0,5.47,3.26,2.0,978.0,598.0,2021,12,5,5.78125,midCap
443,Sarda Energy & Minerals Limited,SARDAEN,2009-12-03,8792.0,250.0,15.8,104.0,0.3,19.3,18.7,1.0,265.0,96.7,2009,12,17,2.4038461538461537,midCap
444,TVS Supply Chain Solutions Limited,TVSSCS,2023-08-23,8778.0,200.0,238.0,40.9,0.0,6.43,5.13,1.0,258.0,194.0,2023,8,3,4.88997555012225,midCap
445,Rategain Travel Technologies Limited,RATEGAIN,2021-12-17,8729.0,741.0,85.6,71.1,0.0,10.2,10.2,1.0,773.0,282.0,2021,12,5,10.421940928270043,midCap
446,TV18 Broadcast Limited,TV18BRDCST,2007-02-08,8712.0,50.8,120.0,100.0,0.0,2.75,2.46,2.0,56.9,27.4,2007,2,19,0.508,midCap
447,Metropolis Healthcare Limited,METROPOLIS,2019-04-15,8636.0,1686.0,64.7,204.0,0.48,17.4,15.2,2.0,0.0,0.0,2019,4,7,8.264705882352942,midCap
448,Balaji Amines Limited,BALAMINES,2007-04-05,8636.0,2665.0,43.7,496.0,0.37,36.5,23.2,2.0,0.0,0.0,2007,4,19,5.372983870967742,midCap
449,Deepak Fertilizers and Petrochemicals Corporation Limited,DEEPAKFERT,2003-01-17,8630.0,684.0,12.8,411.0,1.42,25.8,27.0,10.0,723.0,512.0,2003,1,23,1.6642335766423357,midCap
450,Reliance Power Limited,RPOWER,2008-02-11,8613.0,22.6,0.0,34.3,0.0,3.42,-11.8,10.0,25.2,9.05,2008,2,18,0.6588921282798835,midCap
451,Techno Electric & Engineering Company Limited,TECHNOE,2018-12-04,8573.0,797.0,62.0,185.0,0.77,8.18,9.91,2.0,844.0,306.0,2018,12,8,4.308108108108108,midCap
452,Mastek Limited,MASTEK,1995-05-10,8548.0,2787.0,31.4,585.0,0.67,23.4,19.9,5.0,0.0,0.0,1995,5,31,4.764102564102564,midCap
453,CCL Products (India) Limited,CCL,2004-06-07,8544.0,642.0,30.5,119.0,0.86,15.8,19.7,2.0,750.0,509.0,2004,6,22,5.394957983193278,midCap
454,Campus Activewear Limited,CAMPUS,2022-05-09,8532.0,280.0,78.7,0.0,0.0,31.8,29.3,5.0,425.0,238.0,2022,5,4,inf,midCap
455,Jubilant Pharmova Limited,JUBLPHARMA,2003-06-16,8510.0,534.0,0.0,340.0,0.94,3.13,-6.89,1.0,551.0,269.0,2003,6,23,1.5705882352941176,midCap
456,VIP Industries Limited,VIPIND,2005-03-02,8492.0,598.0,62.6,50.4,0.75,27.8,29.0,2.0,731.0,549.0,2005,3,21,11.865079365079366,midCap
457,Varroc Engineering Limited,VARROC,2018-07-06,8474.0,555.0,50.9,67.7,0.0,8.13,-55.9,1.0,589.0,239.0,2018,7,8,8.197932053175775,midCap
458,Mahindra Lifespace Developers Limited,MAHLIFE,2000-05-10,8456.0,546.0,0.0,113.0,0.43,2.09,1.78,10.0,599.0,316.0,2000,5,26,4.831858407079646,midCap
459,Gujarat Ambuja Exports Limited,GAEL,2000-10-11,8407.0,367.0,27.6,112.0,0.19,18.0,14.5,1.0,410.0,224.0,2000,10,26,3.2767857142857144,midCap
460,Responsive Industries Limited,RESPONIND,2010-10-29,8376.0,314.0,77.5,40.2,0.03,4.51,2.46,1.0,365.0,105.0,2010,10,16,7.81094527363184,midCap
461,Kfin Technologies Limited,KFINTECH,2022-12-29,8358.0,490.0,38.9,58.1,0.0,29.3,25.9,10.0,564.0,271.0,2022,12,4,8.433734939759036,midCap
462,Surya Roshni Limited,SURYAROSNI,1995-05-10,8272.0,760.0,21.8,182.0,0.77,22.8,19.7,5.0,762.0,242.0,1995,5,31,4.175824175824176,midCap
463,Balrampur Chini Mills Limited,BALRAMCHIN,1995-02-08,8247.0,409.0,15.3,156.0,0.73,10.4,10.0,1.0,486.0,349.0,1995,2,31,2.621794871794872,midCap
464,ION Exchange (India) Limited,IONEXCHANG,2022-02-22,8218.0,560.0,40.2,60.9,0.23,33.8,26.2,1.0,688.0,243.0,2022,2,4,9.195402298850574,midCap
465,PTC Industries Limited,PTCIL,2023-06-09,8191.0,6034.0,236.0,277.0,0.0,12.2,11.8,10.0,0.0,0.0,2023,6,3,21.783393501805055,midCap
466,The Karnataka Bank Limited,KTKBANK,2000-05-10,8135.0,235.0,5.98,263.0,2.09,5.86,15.4,10.0,258.0,124.0,2000,5,26,0.8935361216730038,midCap
467,Jubilant Ingrevia Limited,JUBLINGREA,2021-03-19,8116.0,510.0,31.3,170.0,0.98,16.0,12.1,1.0,542.0,350.0,2021,3,5,3.0,midCap
468,INOX India Limited,INOXINDIA,2023-12-21,8074.0,890.0,53.3,0.0,0.0,37.2,28.8,2.0,990.0,855.0,2023,12,3,inf,midCap
469,Laxmi Organic Industries Limited,LXCHEM,2021-03-25,8056.0,293.0,80.2,54.9,0.17,11.5,9.18,2.0,321.0,220.0,2021,3,5,5.336976320582878,midCap
470,The India Cements Limited,INDIACEM,2000-05-31,8037.0,259.0,0.0,182.0,0.0,-3.7,-5.46,10.0,275.0,167.0,2000,5,26,1.4230769230769231,midCap
471,Man Infraconstruction Limited,MANINFRA,2010-03-11,8017.0,216.0,25.5,32.8,0.5,32.0,26.4,2.0,216.0,66.2,2010,3,16,6.585365853658537,midCap
472,Glenmark Life Sciences Limited,GLS,2021-08-06,7986.0,652.0,22.8,0.0,3.44,0.0,0.0,2.0,675.0,369.0,2021,8,5,inf,midCap
473,Spandana Sphoorty Financial Limited,SPANDANA,2019-08-19,7977.0,1121.0,18.9,473.0,0.0,5.98,0.4,10.0,0.0,470.0,2019,8,7,2.3699788583509513,midCap
474,Archean Chemical Industries Limited,ACI,2022-11-21,7966.0,646.0,20.2,127.0,0.38,45.5,44.8,2.0,732.0,494.0,2022,11,4,5.086614173228346,midCap
475,Chemplast Sanmar Limited,CHEMPLASTS,2021-08-24,7912.0,500.0,224.0,115.0,0.0,14.9,11.9,5.0,543.0,342.0,2021,8,5,4.3478260869565215,midCap
476,Sandur Manganese & Iron Ores Limited,SANDUMA,2023-09-07,7906.0,2927.0,28.0,735.0,0.17,0.0,0.0,10.0,0.0,791.0,2023,9,3,3.982312925170068,midCap
477,Mishra Dhatu Nigam Limited,MIDHANI,2018-04-04,7844.0,419.0,57.0,70.4,0.8,14.7,12.6,10.0,477.0,172.0,2018,4,8,5.951704545454545,midCap
478,Quess Corp Limited,QUESS,2016-07-12,7793.0,525.0,40.1,182.0,1.55,9.39,7.37,10.0,532.0,337.0,2016,7,10,2.8846153846153846,midCap
479,Electronics Mart India Limited,EMIL,2022-10-17,7776.0,202.0,49.9,33.3,0.0,12.0,13.8,10.0,236.0,61.4,2022,10,4,6.066066066066067,midCap
480,Allcargo Logistics Limited,ALLCARGO,2006-06-23,7738.0,315.0,27.7,103.0,0.26,18.5,20.1,2.0,345.0,246.0,2006,6,20,3.058252427184466,midCap
481,Tega Industries Limited,TEGA,2021-12-13,7733.0,1164.0,39.8,163.0,0.17,21.4,20.7,10.0,0.0,550.0,2021,12,5,7.141104294478527,midCap
482,Reliance Infrastructure Limited,RELINFRA,1995-02-08,7693.0,194.0,0.0,242.0,0.0,8.95,-0.67,10.0,232.0,115.0,1995,2,31,0.8016528925619835,midCap
483,Shipping Corporation Of India Limited,SCI,1997-08-13,7637.0,164.0,8.64,153.0,0.27,10.5,13.4,10.0,175.0,79.2,1997,8,29,1.0718954248366013,midCap
484,DOMS Industries Limited,DOMS,2023-12-20,7622.0,1256.0,79.7,0.0,0.0,34.4,32.8,10.0,0.0,0.0,2023,12,3,inf,midCap
485,Triveni Engineering & Industries Limited,TRIVENI,2005-12-13,7619.0,348.0,17.5,123.0,0.91,17.5,23.3,1.0,417.0,250.0,2005,12,21,2.8292682926829267,midCap
486,Mahindra Holidays & Resorts India Limited,MHRIL,2009-07-16,7606.0,377.0,115.0,20.9,0.0,10.2,35.9,10.0,470.0,245.0,2009,7,17,18.038277511961724,midCap
487,Shoppers Stop Limited,SHOPERSTOP,2005-05-23,7574.0,689.0,77.0,21.6,0.0,15.3,80.7,5.0,890.0,574.0,2005,5,21,31.898148148148145,midCap
488,Gujarat Pipavav Port Limited,GPPL,2010-09-09,7491.0,155.0,21.0,47.7,3.98,19.6,15.0,10.0,158.0,88.2,2010,9,16,3.249475890985325,midCap
489,HEG Limited,HEG,1995-05-10,7408.0,1920.0,16.9,1127.0,2.22,14.7,13.0,10.0,0.0,918.0,1995,5,31,1.7036379769299024,midCap
490,Edelweiss Financial Services Limited,EDELWEISS,2007-12-12,7403.0,78.4,19.6,46.7,1.91,9.86,5.18,1.0,87.8,29.6,2007,12,19,1.6788008565310493,midCap
491,GMM Pfaudler Limited,GMMPFAUDLR,2018-03-05,7337.0,1632.0,38.3,207.0,0.12,22.0,24.9,2.0,0.0,0.0,2018,3,8,7.884057971014493,midCap
492,Jupiter Life Line Hospitals Limited,JLHL,2023-09-18,7325.0,1117.0,99.0,165.0,0.0,21.4,22.5,10.0,0.0,960.0,2023,9,3,6.7696969696969695,midCap
493,Saregama India Limited,SAREGAMA,1997-07-30,7209.0,374.0,38.5,74.3,0.81,17.6,12.8,1.0,466.0,288.0,1997,7,29,5.033647375504711,midCap
494,IFCI Limited,IFCI,1995-04-26,7207.0,29.0,0.0,15.1,0.0,5.38,-3.78,10.0,31.2,9.0,1995,4,31,1.9205298013245033,midCap
495,KNR Constructions Limited,KNRCON,2008-02-18,7207.0,256.0,14.6,109.0,0.1,20.8,15.5,2.0,306.0,226.0,2008,2,18,2.3486238532110093,midCap
496,Isgec Heavy Engineering Limited,ISGEC,2021-05-05,7186.0,977.0,27.7,326.0,0.31,10.7,8.83,1.0,997.0,418.0,2021,5,5,2.996932515337423,midCap
497,Star Cement Limited,STARCEMENT,2017-06-16,7146.0,177.0,25.2,63.1,0.0,16.8,10.8,1.0,183.0,101.0,2017,6,9,2.8050713153724245,midCap
498,Kirloskar Brothers Limited,KIRLOSBROS,2010-04-20,7125.0,897.0,23.5,185.0,0.5,21.7,18.3,2.0,0.0,286.0,2010,4,16,4.848648648648648,midCap
499,Indigo Paints Limited,INDIGOPNTS,2021-02-02,7091.0,1489.0,53.7,172.0,0.24,0.0,0.0,10.0,0.0,981.0,2021,2,5,8.656976744186046,midCap
500,PDS Limited,PDSL,2014-10-21,7086.0,537.0,32.5,83.1,0.94,23.4,24.7,2.0,666.0,300.0,2014,10,12,6.462093862815885,midCap
501,LT Foods Limited,LTFOODS,2006-12-18,7080.0,204.0,13.7,88.0,0.49,17.1,16.8,1.0,235.0,90.0,2006,12,20,2.3181818181818183,midCap
502,Religare Enterprises Limited,RELIGARE,2007-11-21,7066.0,214.0,27.7,68.0,0.0,15.5,-5.39,10.0,281.0,130.0,2007,11,19,3.1470588235294117,midCap
503,Keystone Realtors Limited,RUSTOMJEE,2022-11-24,7042.0,618.0,54.1,152.0,0.0,5.48,6.11,10.0,661.0,416.0,2022,11,4,4.065789473684211,midCap
504,Easy Trip Planners Limited,EASEMYTRIP,2021-03-19,6962.0,39.3,47.8,3.34,0.26,51.3,44.3,1.0,56.4,37.0,2021,3,5,11.766467065868262,midCap
505,Jai Corp Limited,JAICORPLTD,1997-11-26,6960.0,390.0,213.0,81.0,0.13,3.31,-12.2,1.0,410.0,114.0,1997,11,29,4.814814814814815,midCap
506,JK Paper Limited,JKPAPER,2005-06-16,6940.0,410.0,5.64,272.0,1.94,28.5,34.0,10.0,427.0,306.0,2005,6,21,1.5073529411764706,midCap
507,Ujjivan Financial Services Limited,UJJIVAN,2016-05-10,6928.0,569.0,8.32,299.0,0.87,10.3,32.1,10.0,615.0,233.0,2016,5,10,1.9030100334448161,midCap
508,Garware Technical Fibres Limited,GARFIBRES,2007-04-03,6910.0,3391.0,36.1,549.0,0.1,21.2,17.2,10.0,0.0,0.0,2007,4,19,6.176684881602914,midCap
509,Greenlam Industries Limited,GREENLAM,2015-03-02,6863.0,538.0,47.1,80.7,0.27,13.8,15.3,1.0,626.0,282.0,2015,3,11,6.666666666666666,midCap
510,Neuland Laboratories Limited,NEULANDLAB,2008-10-13,6815.0,5312.0,25.6,883.0,0.19,20.8,17.9,10.0,0.0,0.0,2008,10,18,6.015855039637599,midCap
511,Vijaya Diagnostic Centre Limited,VIJAYA,2021-09-14,6764.0,661.0,65.5,58.4,0.15,18.4,16.6,1.0,686.0,349.0,2021,9,5,11.318493150684931,midCap
512,Just Dial Limited,JUSTDIAL,2013-06-05,6735.0,792.0,21.4,449.0,0.0,1.7,1.3,10.0,879.0,565.0,2013,6,13,1.7639198218262806,midCap
513,Arvind Limited,ARVIND,1995-02-08,6721.0,257.0,21.8,129.0,1.46,12.6,11.3,10.0,270.0,77.7,1995,2,31,1.9922480620155039,midCap
514,Zen Technologies Limited,ZENTEC,2015-03-30,6698.0,797.0,75.1,45.2,0.02,23.2,14.0,1.0,913.0,184.0,2015,3,11,17.632743362831857,midCap
515,Mrs. Bectors Food Specialities Limited,BECTORFOOD,2020-12-24,6694.0,1138.0,52.5,103.0,0.26,21.0,17.7,10.0,0.0,416.0,2020,12,6,11.048543689320388,midCap
516,Mtar Technologies Limited,MTARTECH,2021-03-15,6692.0,2176.0,64.8,215.0,0.0,22.5,18.2,10.0,0.0,0.0,2021,3,5,10.12093023255814,midCap
517,Power Mech Projects Limited,POWERMECH,2015-08-26,6670.0,4219.0,29.3,918.0,0.05,22.2,17.9,10.0,0.0,0.0,2015,8,11,4.595860566448802,midCap
518,SIS LIMITED,SIS,2017-08-10,6615.0,454.0,18.3,170.0,0.0,10.6,15.6,5.0,502.0,318.0,2017,8,9,2.6705882352941175,midCap
519,Go Fashion (India) Limited,GOCOLORS,2021-11-30,6600.0,1222.0,373.0,0.0,0.0,22.7,19.3,10.0,0.0,876.0,2021,11,5,inf,midCap
520,Vaibhav Global Limited,VAIBHAVGBL,2004-04-05,6592.0,398.0,54.6,73.9,1.48,11.1,9.02,2.0,470.0,269.0,2004,4,22,5.385656292286874,midCap
521,Electrosteel Castings Limited,ELECTCAST,2003-06-20,6591.0,111.0,15.8,76.9,0.8,9.99,7.51,1.0,119.0,31.4,2003,6,23,1.4434330299089726,midCap
522,Texmaco Rail & Engineering Limited,TEXRAIL,2011-03-03,6574.0,172.0,96.2,44.3,0.09,6.18,1.89,1.0,189.0,40.5,2011,3,15,3.882618510158014,midCap
523,FDC Limited,FDC,1997-08-07,6534.0,394.0,26.0,119.0,0.0,12.8,9.63,1.0,429.0,245.0,1997,8,29,3.310924369747899,midCap
524,R Systems International Limited,RSYSTEMS,2006-04-26,6499.0,549.0,47.9,50.3,1.22,30.6,27.7,1.0,599.0,237.0,2006,4,20,10.91451292246521,midCap
525,Sunteck Realty Limited,SUNTECK,2009-11-13,6461.0,441.0,0.0,188.0,0.33,2.56,0.05,1.0,512.0,271.0,2009,11,17,2.345744680851064,midCap
526,Redtape Limited,REDTAPE,2023-08-11,6455.0,467.0,45.4,40.1,0.0,44.8,35.0,2.0,575.0,411.0,2023,8,3,11.645885286783042,midCap
527,Thomas Cook  (India)  Limited,THOMASCOOK,2000-06-07,6438.0,137.0,49.7,38.8,0.28,5.23,0.39,1.0,168.0,52.1,2000,6,26,3.5309278350515467,midCap
528,Blue Jet Healthcare Limited,BLUEJET,2023-11-01,6367.0,367.0,46.0,0.0,0.0,57.3,51.1,2.0,433.0,319.0,2023,11,3,inf,midCap
529,NAVA LIMITED,NAVA,1996-04-03,6365.0,439.0,7.05,440.0,1.38,16.8,16.6,2.0,486.0,213.0,1996,4,30,0.9977272727272727,midCap
530,Transport Corporation of India Limited,TCI,2002-01-21,6345.0,817.0,18.7,240.0,0.85,22.4,20.5,2.0,920.0,591.0,2002,1,24,3.404166666666667,midCap
531,EPL Limited,EPL,2002-02-11,6326.0,199.0,25.1,63.0,2.17,12.2,11.9,2.0,236.0,147.0,2002,2,24,3.1587301587301586,midCap
532,Inox Wind Energy Limited,IWEL,2021-06-11,6313.0,5240.0,0.0,1051.0,0.0,-9.11,-29.9,10.0,0.0,887.0,2021,6,5,4.985727878211227,midCap
533,Shriram Pistons & Rings Limited,SHRIPISTON,2016-06-02,6269.0,1423.0,16.5,394.0,0.36,24.7,20.8,10.0,0.0,491.0,2016,6,10,3.6116751269035534,midCap
534,Nesco Limited,NESCO,2008-04-08,6268.0,890.0,19.7,298.0,0.5,21.8,16.7,2.0,924.0,505.0,2008,4,18,2.9865771812080535,midCap
535,MOIL Limited,MOIL,2010-12-15,6258.0,308.0,60.2,114.0,1.19,11.4,8.31,10.0,330.0,141.0,2010,12,16,2.7017543859649122,midCap
536,Hindustan Foods Limited,HNDFDS,2023-06-06,6248.0,554.0,73.2,37.5,0.0,18.2,21.0,2.0,669.0,491.0,2023,6,3,14.773333333333333,midCap
537,PG Electroplast Limited,PGEL,2011-09-26,6174.0,2372.0,61.7,361.0,0.0,17.3,22.0,10.0,0.0,0.0,2011,9,15,6.570637119113574,midCap
538,Wockhardt Limited,WOCKPHARMA,2000-02-23,6168.0,428.0,0.0,217.0,0.0,-0.46,-8.31,5.0,429.0,145.0,2000,2,26,1.9723502304147464,midCap
539,India Shelter Finance Corporation Limited,INDIASHLTR,2023-12-20,6118.0,572.0,39.4,0.0,0.0,11.2,13.4,5.0,630.0,500.0,2023,12,3,inf,midCap
540,Jindal Worldwide Limited,JINDWORLD,2010-11-25,6111.0,305.0,90.2,33.5,0.07,15.7,19.5,1.0,477.0,275.0,2010,11,16,9.104477611940299,midCap
541,Indo Count Industries Limited,ICIL,2005-09-12,6086.0,307.0,19.0,98.0,0.64,15.1,16.3,2.0,320.0,101.0,2005,9,21,3.13265306122449,midCap
542,Symphony Limited,SYMPHONY,2011-06-15,6042.0,876.0,52.3,98.8,0.57,14.8,13.5,2.0,0.0,825.0,2011,6,15,8.866396761133604,midCap
543,Genus Power Infrastructures Limited,GENUSPOWER,2005-07-08,6031.0,234.0,72.9,45.4,0.33,5.77,3.0,1.0,290.0,78.6,2005,7,21,5.154185022026432,midCap
544,Share India Securities Limited,SHAREINDIA,2020-09-21,6026.0,1840.0,15.4,373.0,0.46,52.4,45.1,10.0,0.0,986.0,2020,9,6,4.932975871313673,midCap
545,Infibeam Avenues Limited,INFIBEAM,2016-04-04,5993.0,21.6,42.9,12.0,0.23,5.53,4.09,1.0,24.2,12.8,2016,4,10,1.8,midCap
546,Tata Coffee Limited,TATACOFFEE,2000-02-16,5993.0,321.0,33.4,99.3,0.93,9.78,10.1,1.0,322.0,199.0,2000,2,26,3.2326283987915407,midCap
547,NIIT Learning Systems Limited,NIITMTS,2023-08-08,5923.0,439.0,28.3,65.7,0.58,36.5,31.8,2.0,514.0,342.0,2023,8,3,6.681887366818874,midCap
548,CMS Info Systems Limited,CMSINFO,2021-12-31,5916.0,378.0,18.2,109.0,1.25,29.6,20.9,10.0,421.0,261.0,2021,12,5,3.467889908256881,midCap
549,Strides Pharma Science Limited,STAR,2000-02-02,5881.0,640.0,0.0,227.0,0.23,-0.23,-8.36,10.0,665.0,268.0,2000,2,26,2.8193832599118944,midCap
550,KPI Green Energy Limited,KPIGREEN,2021-07-27,5876.0,1462.0,43.6,89.9,0.11,24.7,53.4,10.0,0.0,389.0,2021,7,5,16.262513904338153,midCap
551,Technocraft Industries (India) Limited,TIIL,2007-02-12,5828.0,2538.0,20.5,682.0,0.0,19.6,19.3,10.0,0.0,876.0,2007,2,19,3.721407624633431,midCap
552,Astra Microwave Products Limited,ASTRAMICRO,2004-11-01,5763.0,607.0,89.4,91.6,0.26,17.1,11.4,2.0,634.0,213.0,2004,11,22,6.6266375545851535,midCap
553,Gujarat Alkalies and Chemicals Limited,GUJALKALI,1997-08-07,5736.0,781.0,69.4,817.0,2.99,10.8,6.81,10.0,809.0,556.0,1997,8,29,0.95593635250918,midCap
554,JSW Holdings Limited,JSWHL,2005-06-21,5726.0,5158.0,36.0,20779.0,0.0,2.04,1.68,10.0,0.0,0.0,2005,6,21,0.24823138745849174,midCap
555,BOROSIL RENEWABLES LIMITED,BORORENEW,2018-05-25,5723.0,438.0,753.0,71.6,0.0,0.0,0.0,1.0,573.0,380.0,2018,5,8,6.11731843575419,midCap
556,Sterlite Technologies Limited,STLTECH,2000-12-08,5718.0,143.0,25.7,53.5,0.7,11.0,6.32,2.0,193.0,128.0,2000,12,26,2.6728971962616823,midCap
557,Nazara Technologies Limited,NAZARA,2021-03-30,5693.0,860.0,100.0,178.0,0.0,7.17,3.56,4.0,929.0,482.0,2021,3,5,4.831460674157303,midCap
558,ASK Automotive Limited,ASKAUTOLTD,2023-11-15,5671.0,288.0,46.2,0.0,0.0,20.3,19.2,2.0,320.0,271.0,2023,11,3,inf,midCap
559,PTC India Limited,PTC,2004-04-07,5670.0,192.0,10.9,172.0,4.08,9.21,9.03,10.0,204.0,78.8,2004,4,22,1.1162790697674418,midCap
560,Dilip Buildcon Limited,DBL,2016-08-11,5658.0,387.0,0.0,283.0,0.03,5.34,-7.47,10.0,439.0,160.0,2016,8,10,1.3674911660777385,midCap
561,Gabriel India Limited,GABRIEL,2005-04-20,5616.0,391.0,0.0,65.0,0.64,0.0,0.0,1.0,444.0,129.0,2005,4,21,6.015384615384615,midCap
562,Avanti Feeds Limited,AVANTIFEED,2015-04-15,5602.0,411.0,16.4,161.0,1.53,18.3,13.4,1.0,488.0,321.0,2015,4,11,2.5527950310559007,midCap
563,Suprajit Engineering Limited,SUPRAJIT,2005-02-18,5600.0,405.0,38.1,91.9,0.57,15.3,13.2,1.0,447.0,315.0,2005,2,21,4.406964091403699,midCap
564,The South Indian Bank Limited,SOUTHBANK,1998-12-08,5569.0,26.6,6.12,31.9,1.1,5.24,12.4,1.0,28.5,13.8,1998,12,28,0.8338557993730409,midCap
565,Paradeep Phosphates Limited,PARADEEP,2022-05-27,5545.0,68.1,34.6,42.2,0.75,11.0,11.0,10.0,75.4,48.3,2022,5,4,1.6137440758293837,midCap
566,H.G. Infra Engineering Limited,HGINFRA,2018-03-09,5534.0,849.0,10.1,331.0,0.15,25.4,29.4,10.0,0.0,597.0,2018,3,8,2.5649546827794563,midCap
567,Arvind Fashions Limited,ARVINDFASN,2019-03-08,5523.0,415.0,151.0,68.1,0.24,13.7,4.52,4.0,448.0,261.0,2019,3,7,6.093979441997064,midCap
568,Senco Gold Limited,SENCO,2023-07-14,5475.0,705.0,34.5,159.0,0.14,15.4,19.0,10.0,823.0,358.0,2023,7,3,4.433962264150943,midCap
569,Restaurant Brands Asia Limited,RBA,2020-12-14,5464.0,110.0,0.0,14.8,0.0,-6.87,-23.7,10.0,138.0,83.7,2020,12,6,7.4324324324324325,midCap
570,Kesoram Industries Limited,KESORAMIND,1995-09-06,5418.0,174.0,665.0,12.3,0.0,9.86,-4.38,10.0,180.0,54.6,1995,9,31,14.146341463414632,midCap
571,Sansera Engineering Limited,SANSERA,2021-09-24,5409.0,1010.0,34.3,234.0,0.25,14.2,13.3,2.0,0.0,697.0,2021,9,5,4.316239316239316,midCap
572,ICRA Limited,ICRA,2007-04-13,5398.0,5593.0,36.2,930.0,0.71,20.0,15.1,10.0,0.0,0.0,2007,4,19,6.013978494623656,midCap
573,GHCL Limited,GHCL,2003-07-31,5369.0,562.0,6.05,287.0,3.1,35.5,31.5,10.0,660.0,441.0,2003,7,23,1.9581881533101044,midCap
574,AGI Greenpac Limited,AGI,2000-05-31,5355.0,828.0,79.1,209.0,0.59,7.03,4.51,2.0,0.0,296.0,2000,5,26,3.9617224880382773,midCap
575,Ramky Infrastructure Limited,RAMKY,2010-10-08,5352.0,773.0,22.5,234.0,0.0,15.8,8.79,10.0,824.0,252.0,2010,10,16,3.3034188034188032,midCap
576,Dodla Dairy Limited,DODLA,2021-06-28,5314.0,893.0,39.0,177.0,0.0,16.2,13.2,10.0,916.0,417.0,2021,6,5,5.045197740112994,midCap
577,Teamlease Services Limited,TEAMLEASE,2016-02-12,5313.0,3168.0,49.2,442.0,0.0,13.9,14.4,10.0,0.0,0.0,2016,2,10,7.167420814479638,midCap
578,Greenpanel Industries Limited,GREENPANEL,2019-10-23,5263.0,429.0,28.5,104.0,0.36,27.2,23.6,1.0,444.0,255.0,2019,10,7,4.125,midCap
579,VST Industries Limited,VSTIND,2003-09-05,5251.0,3401.0,85.5,162.0,4.4,34.4,24.9,10.0,0.0,0.0,2003,9,23,20.993827160493826,midCap
580,TCI Express Limited,TCIEXP,2016-12-15,5242.0,1367.0,37.7,172.0,0.59,0.0,0.0,2.0,0.0,0.0,2016,12,10,7.9476744186046515,midCap
581,Aurionpro Solutions Limited,AURIONPRO,2005-10-25,5240.0,2130.0,45.6,254.0,0.12,24.9,21.8,10.0,0.0,290.0,2005,10,21,8.385826771653543,midCap
582,Ahluwalia Contracts (India) Limited,AHLUCONT,2009-12-14,5236.0,782.0,23.6,199.0,0.05,24.7,17.0,2.0,873.0,448.0,2009,12,17,3.92964824120603,midCap
583,Gateway Distriparks Limited,GATEWAY,2022-03-22,5204.0,104.0,20.1,37.0,1.97,12.6,13.9,10.0,113.0,58.5,2022,3,4,2.810810810810811,midCap
584,Rain Industries Limited,RAIN,2008-03-03,5158.0,153.0,17.5,253.0,0.67,17.1,19.8,2.0,185.0,140.0,2008,3,18,0.6047430830039525,midCap
585,Prudent Corporate Advisory Services Limited,PRUDENT,2022-05-20,5118.0,1236.0,39.9,97.1,0.12,51.4,39.7,5.0,0.0,703.0,2022,5,4,12.729145211122555,midCap
586,Healthcare Global Enterprises Limited,HCG,2016-03-30,5096.0,366.0,210.0,61.6,0.0,8.39,2.1,10.0,389.0,249.0,2016,3,10,5.941558441558441,midCap
587,Ethos Limited,ETHOSLTD,2022-05-30,5012.0,2146.0,70.9,286.0,0.0,17.6,14.0,10.0,0.0,915.0,2022,5,4,7.503496503496503,midCap
588,ITD Cementation India Limited,ITDCEM,1999-02-10,4934.0,287.0,27.4,77.2,0.26,18.8,10.4,1.0,305.0,93.2,1999,2,27,3.7176165803108807,lowCap
589,Black Box Limited,BBOX,2003-07-22,4898.0,292.0,37.5,20.9,0.0,20.3,16.5,2.0,292.0,84.4,2003,7,23,13.971291866028709,lowCap
590,Rallis India Limited,RALLIS,1999-04-01,4881.0,251.0,30.9,87.2,0.0,12.8,9.61,1.0,264.0,186.0,1999,4,27,2.878440366972477,lowCap
591,Dhanuka Agritech Limited,DHANUKA,2011-06-29,4839.0,1062.0,19.7,260.0,0.19,27.0,21.3,2.0,0.0,603.0,2011,6,15,4.084615384615384,lowCap
592,West Coast Paper Mills Limited,WSTCSTPAPR,2001-01-17,4821.0,730.0,4.89,448.0,1.37,52.9,44.8,2.0,780.0,465.0,2001,1,25,1.6294642857142858,lowCap
593,Jaiprakash Associates Limited,JPASSOCIAT,2004-06-14,4811.0,19.6,0.0,-6.84,0.0,2.74,0.0,2.0,23.2,6.55,2004,6,22,-2.865497076023392,lowCap
594,LLOYDS ENGINEERING WORKS LIMITED,LLOYDSENGG,2016-07-18,4775.0,41.8,0.0,2.29,0.24,0.0,0.0,1.0,57.5,15.2,2016,7,10,18.253275109170303,lowCap
595,Indiabulls Real Estate Limited,IBREALEST,2007-03-23,4747.0,87.6,0.0,56.2,0.0,-7.17,-11.4,2.0,98.8,45.9,2007,3,19,1.5587188612099643,lowCap
596,RattanIndia Power Limited,RTNPOWER,2009-10-30,4742.0,8.83,0.0,-10.6,0.0,8.62,0.0,10.0,11.1,2.8,2009,10,17,-0.8330188679245283,lowCap
597,Kewal Kiran Clothing Limited,KKCL,2006-04-13,4728.0,767.0,33.4,100.0,0.64,26.2,21.8,10.0,827.0,364.0,2006,4,20,7.67,lowCap
598,Max Estates Limited,MAXESTATES,2023-10-30,4717.0,321.0,268.0,0.0,0.0,1.88,1.94,10.0,340.0,243.0,2023,10,3,inf,lowCap
599,MAS Financial Services Limited,MASFIN,2017-10-18,4712.0,862.0,20.9,301.0,0.43,11.4,14.2,10.0,966.0,680.0,2017,10,9,2.8637873754152823,lowCap
600,Patel Engineering Limited,PATELENG,2005-02-24,4702.0,60.8,24.2,38.2,0.0,13.7,6.93,1.0,69.7,13.1,2005,2,21,1.5916230366492146,lowCap
601,Mstc Limited,MSTCLTD,2019-03-29,4660.0,662.0,20.3,127.0,2.24,37.9,33.6,10.0,683.0,239.0,2019,3,7,5.21259842519685,lowCap
602,Tilaknagar Industries Limited,TI,2010-07-16,4646.0,242.0,40.5,29.7,0.1,15.5,23.9,10.0,291.0,95.5,2010,7,16,8.148148148148149,lowCap
603,Hinduja Global Solutions Limited,HGS,2007-06-19,4619.0,993.0,60.2,1576.0,1.5,2.29,3.0,10.0,0.0,922.0,2007,6,19,0.6300761421319797,lowCap
604,Pricol Limited,PRICOLLTD,2017-02-10,4612.0,378.0,37.9,63.1,0.0,20.1,18.3,1.0,393.0,174.0,2017,2,9,5.990491283676704,lowCap
605,Banco Products (I) Limited,BANCOINDIA,2006-12-22,4601.0,643.0,16.2,146.0,3.45,25.8,23.9,2.0,676.0,190.0,2006,12,20,4.404109589041096,lowCap
606,Jayaswal Neco Industries Limited,JAYNECOIND,1995-05-10,4588.0,47.2,0.0,33.2,0.0,2.93,-0.87,10.0,53.6,20.2,1995,5,31,1.4216867469879517,lowCap
607,Choice International Limited,CHOICEIN,2022-04-08,4570.0,459.0,48.2,53.9,0.0,15.8,13.5,10.0,465.0,245.0,2022,4,4,8.515769944341374,lowCap
608,Privi Speciality Chemicals Limited,PRIVISCL,2015-05-08,4570.0,1170.0,171.0,221.0,0.0,5.52,2.64,10.0,0.0,871.0,2015,5,11,5.294117647058823,lowCap
609,Aarti Pharmalabs Limited,AARTIPHARM,2023-01-30,4559.0,503.0,24.0,183.0,0.0,16.1,13.2,5.0,535.0,235.0,2023,1,3,2.748633879781421,lowCap
610,NOCIL Limited,NOCIL,1996-01-17,4544.0,273.0,41.9,99.0,1.09,13.4,9.89,10.0,281.0,199.0,1996,1,30,2.757575757575758,lowCap
611,Aarti Drugs Limited,AARTIDRUGS,2003-09-19,4541.0,490.0,25.2,131.0,0.2,15.5,14.9,10.0,646.0,311.0,2003,9,23,3.7404580152671754,lowCap
612,D.B.Corp Limited,DBCORP,2010-01-06,4532.0,254.0,16.9,113.0,2.36,11.8,8.88,10.0,325.0,92.8,2010,1,16,2.247787610619469,lowCap
613,Welspun Enterprises Limited,WELENT,2004-11-04,4516.0,326.0,14.1,158.0,0.31,9.99,13.1,10.0,350.0,117.0,2004,11,22,2.0632911392405062,lowCap
614,National Fertilizers Limited,NFL,2006-12-28,4502.0,91.8,41.1,44.8,2.96,15.6,19.8,10.0,94.2,55.0,2006,12,20,2.049107142857143,lowCap
615,Jamna Auto Industries Limited,JAMNAAUTO,2010-12-10,4479.0,112.0,23.7,21.0,1.69,27.5,22.9,1.0,127.0,94.2,2010,12,16,5.333333333333333,lowCap
616,Rossari Biotech Limited,ROSSARI,2020-07-23,4438.0,803.0,38.0,177.0,0.06,18.4,12.4,2.0,904.0,536.0,2020,7,6,4.536723163841808,lowCap
617,Gallantt Ispat Limited,GALLANTT,2006-04-04,4418.0,183.0,26.4,95.5,0.0,0.0,6.54,10.0,200.0,46.0,2006,4,20,1.9162303664921465,lowCap
618,Puravankara Limited,PURVA,2007-08-30,4411.0,186.0,219.0,82.6,0.0,7.3,2.92,5.0,204.0,58.2,2007,8,19,2.25181598062954,lowCap
619,IIFL Securities Limited,IIFLSEC,2019-09-20,4375.0,142.0,13.1,50.2,2.12,22.9,19.6,2.0,152.0,48.2,2019,9,7,2.828685258964143,lowCap
620,Hindustan Construction Company Limited,HCC,2003-04-01,4333.0,28.6,0.0,-4.33,0.0,16.9,0.0,1.0,33.8,12.5,2003,4,23,-6.6050808314087766,lowCap
621,Ami Organics Limited,AMIORG,2021-09-14,4314.0,1170.0,56.2,171.0,0.26,20.6,15.0,10.0,0.0,845.0,2021,9,5,6.842105263157895,lowCap
622,Jain Irrigation Systems Limited,JISLJALEQS,2001-08-13,4271.0,63.0,0.0,80.7,0.0,4.02,19.3,2.0,73.4,26.5,2001,8,25,0.7806691449814126,lowCap
623,Datamatics Global Services Limited,DATAMATICS,2004-05-07,4264.0,723.0,20.6,191.0,0.52,24.1,18.7,5.0,792.0,270.0,2004,5,22,3.7853403141361257,lowCap
624,Sai Silks (Kalamandir) Limited,KALAMANDIR,2023-09-27,4238.0,276.0,77.9,0.0,0.0,0.0,0.0,2.0,312.0,220.0,2023,9,3,inf,lowCap
625,Sindhu Trade Links Limited,SINDHUTRAD,2023-06-20,4237.0,27.5,41.7,8.76,0.0,4.74,0.02,1.0,35.6,16.5,2023,6,3,3.1392694063926943,lowCap
626,Advanced Enzyme Technologies Limited,ADVENZYMES,2016-08-01,4212.0,377.0,33.4,112.0,1.05,11.9,9.23,2.0,391.0,225.0,2016,8,10,3.3660714285714284,lowCap
627,India Pesticides Limited,IPL,2021-07-05,4208.0,365.0,42.2,69.4,0.2,27.4,20.3,1.0,378.0,197.0,2021,7,5,5.259365994236311,lowCap
628,HMA Agro Industries Limited,HMAAGRO,2023-07-04,4206.0,84.0,47.1,13.4,3.56,24.0,28.4,10.0,84.0,56.5,2023,7,3,6.26865671641791,lowCap
629,Sula Vineyards Limited,SULA,2022-12-22,4172.0,494.0,46.2,62.3,1.03,19.8,18.2,2.0,535.0,316.0,2022,12,4,7.929373996789727,lowCap
630,Azad Engineering Limited,AZAD,2023-12-28,4123.0,697.0,487.0,0.0,0.0,16.0,5.23,2.0,728.0,670.0,2023,12,3,inf,lowCap
631,Paisalo Digital Limited,PAISALO,2011-10-17,4116.0,91.7,30.0,27.8,0.11,11.4,8.92,1.0,104.0,42.0,2011,10,15,3.2985611510791366,lowCap
632,TD Power Systems Limited,TDPOWERSYS,2011-09-08,4074.0,261.0,35.8,42.0,0.18,22.1,16.9,2.0,308.0,118.0,2011,9,15,6.214285714285714,lowCap
633,Steel Strips Wheels Limited,SSWL,2005-06-06,4073.0,260.0,21.3,78.1,0.4,21.4,18.6,1.0,299.0,126.0,2005,6,21,3.329065300896287,lowCap
634,Sharda Cropchem Limited,SHARDACROP,2014-09-23,4067.0,451.0,21.3,232.0,1.35,20.8,15.9,10.0,580.0,388.0,2014,9,12,1.9439655172413792,lowCap
635,JTL INDUSTRIES LIMITED,JTLIND,2023-06-12,4055.0,237.0,36.8,28.0,0.04,34.5,30.1,2.0,253.0,142.0,2023,6,3,8.464285714285714,lowCap
636,TARC Limited,TARC,2020-12-18,4052.0,137.0,368.0,46.1,0.0,6.03,1.52,2.0,145.0,33.4,2020,12,6,2.9718004338394794,lowCap
637,Epigral Limited,EPIGRAL,2021-08-18,4047.0,974.0,18.1,272.0,0.51,32.1,39.4,10.0,0.0,811.0,2021,8,5,3.5808823529411766,lowCap
638,Fineotex Chemical Limited,FCL,2015-01-15,4043.0,365.0,38.5,36.0,0.22,36.5,28.9,2.0,392.0,203.0,2015,1,11,10.13888888888889,lowCap
639,LG Balakrishnan & Bros Limited,LGBBROSLTD,2010-03-30,3981.0,1268.0,16.0,468.0,1.28,24.2,19.0,10.0,0.0,607.0,2010,3,16,2.7094017094017095,lowCap
640,Time Technoplast Limited,TIMETECHNO,2007-06-13,3980.0,175.0,15.8,105.0,0.72,13.1,10.0,1.0,194.0,69.4,2007,6,19,1.6666666666666667,lowCap
641,Nucleus Software Exports Limited,NUCLEUS,2002-12-19,3936.0,1470.0,19.3,257.0,0.68,27.1,20.3,10.0,0.0,376.0,2002,12,24,5.719844357976654,lowCap
642,VA Tech Wabag Limited,WABAG,2010-10-13,3928.0,632.0,13.1,270.0,0.0,19.5,3.11,2.0,668.0,302.0,2010,10,16,2.3407407407407406,lowCap
643,Delta Corp Limited,DELTACORP,2007-11-02,3928.0,147.0,14.3,87.7,0.86,16.3,12.4,1.0,260.0,123.0,2007,11,19,1.6761687571265678,lowCap
644,India Tourism Development Corporation Limited,ITDC,2016-12-30,3918.0,457.0,53.3,41.9,0.49,28.0,18.6,10.0,512.0,276.0,2016,12,10,10.906921241050119,lowCap
645,Borosil Limited,BOROLTD,2020-07-22,3914.0,342.0,54.3,78.2,0.0,10.6,8.49,1.0,402.0,249.0,2020,7,6,4.373401534526854,lowCap
646,Kirloskar Pneumatic Company Limited,KIRLPNU,2023-04-26,3906.0,603.0,114.0,51.2,0.92,14.9,10.8,2.0,700.0,512.0,2023,4,3,11.77734375,lowCap
647,Lux Industries Limited,LUXIND,2015-11-30,3905.0,1299.0,40.1,496.0,0.38,12.7,9.97,2.0,0.0,0.0,2015,11,11,2.618951612903226,lowCap
648,Rajratan Global Wire Limited,RAJRATAN,2020-05-22,3902.0,768.0,52.6,89.0,0.26,27.0,25.7,2.0,920.0,697.0,2020,5,6,8.629213483146067,lowCap
649,Sharda Motor Industries Limited,SHARDAMOTR,2015-09-03,3893.0,1310.0,16.0,283.0,1.3,39.7,30.4,2.0,0.0,550.0,2015,9,11,4.628975265017668,lowCap
650,Brightcom Group Limited,BCG,2015-05-08,3887.0,19.3,2.75,34.7,0.0,30.9,22.3,2.0,36.8,9.27,2015,5,11,0.5561959654178674,lowCap
651,Ashoka Buildcon Limited,ASHOKA,2010-10-14,3854.0,137.0,10.5,68.9,0.0,38.6,26.5,5.0,153.0,71.3,2010,10,16,1.9883889695210448,lowCap
652,Sudarshan Chemical Industries Limited,SUDARSCHEM,1995-05-25,3831.0,553.0,52.1,159.0,0.0,6.27,5.4,2.0,567.0,341.0,1995,5,31,3.4779874213836477,lowCap
653,IFB Industries Limited,IFBIND,1995-03-29,3818.0,942.0,388.0,170.0,0.0,6.43,2.27,10.0,0.0,698.0,1995,3,31,5.541176470588235,lowCap
654,Ashapura Minechem Limited,ASHAPURMIN,1995-09-20,3807.0,416.0,17.2,87.8,0.0,16.3,19.0,2.0,483.0,91.0,1995,9,31,4.738041002277905,lowCap
655,Hikal Limited,HIKAL,2001-02-14,3786.0,307.0,46.2,92.9,0.39,8.43,7.08,2.0,428.0,250.0,2001,2,25,3.3046286329386434,lowCap
656,Balmer Lawrie & Company Limited,BALMLAWRIE,1995-07-06,3784.0,221.0,19.2,97.0,3.39,10.1,10.2,10.0,241.0,108.0,1995,7,31,2.2783505154639174,lowCap
657,Sunflag Iron And Steel Company Limited,SUNFLAG,2005-09-29,3770.0,209.0,23.0,263.0,0.0,11.9,8.78,10.0,249.0,111.0,2005,9,21,0.7946768060836502,lowCap
658,Hathway Cable & Datacom Limited,HATHWAY,2010-02-25,3746.0,21.2,62.3,23.9,0.0,2.15,1.55,2.0,23.7,12.2,2010,2,16,0.8870292887029289,lowCap
659,Tatva Chintan Pharma Chem Limited,TATVA,2021-07-29,3740.0,1599.0,75.6,311.0,0.13,8.91,9.89,10.0,0.0,0.0,2021,7,5,5.141479099678457,lowCap
660,Bharat Rasayan Limited,BHARATRAS,1995-10-11,3735.0,8988.0,46.5,2180.0,0.02,19.8,15.4,10.0,0.0,0.0,1995,10,31,4.122935779816514,lowCap
661,Flair Writing Industries Limited,FLAIR,2023-12-01,3728.0,354.0,31.6,0.0,0.0,33.4,31.4,5.0,514.0,346.0,2023,12,3,inf,lowCap
662,Jtekt India Limited,JTEKTINDIA,2004-01-12,3710.0,152.0,47.3,30.0,0.35,15.9,12.4,1.0,168.0,95.2,2004,1,22,5.066666666666666,lowCap
663,Samhi Hotels Limited,SAMHI,2023-09-22,3709.0,170.0,0.0,49.4,0.0,8.33,0.0,1.0,186.0,127.0,2023,9,3,3.4412955465587047,lowCap
664,Kolte - Patil Developers Limited,KOLTEPATIL,2007-12-13,3693.0,486.0,33.2,137.0,0.82,13.4,10.2,10.0,562.0,231.0,2007,12,19,3.5474452554744524,lowCap
665,HLE Glascoat Limited,HLEGLAS,2023-02-09,3684.0,540.0,66.3,50.4,0.2,23.5,24.1,2.0,699.0,465.0,2023,2,3,10.714285714285715,lowCap
666,Orchid Pharma Limited,ORCHPHARMA,2020-11-02,3678.0,725.0,57.9,218.0,0.0,4.97,0.95,10.0,750.0,330.0,2020,11,6,3.3256880733944953,lowCap
667,Indoco Remedies Limited,INDOCO,2005-01-14,3655.0,397.0,32.3,116.0,0.57,17.4,14.8,2.0,424.0,306.0,2005,1,21,3.4224137931034484,lowCap
668,Hindware Home Innovation Limited,HINDWAREAP,2019-12-26,3651.0,505.0,71.7,81.8,0.1,14.7,10.3,2.0,664.0,325.0,2019,12,7,6.17359413202934,lowCap
669,Avalon Technologies Limited,AVALON,2023-04-18,3633.0,553.0,84.9,81.4,0.0,16.7,16.8,2.0,732.0,347.0,2023,4,3,6.7936117936117935,lowCap
670,Subros Limited,SUBROS,2005-07-13,3627.0,556.0,54.2,138.0,0.18,8.82,5.6,2.0,578.0,271.0,2005,7,21,4.028985507246377,lowCap
671,Harsha Engineers International Limited,HARSHA,2022-09-26,3603.0,396.0,33.0,122.0,0.25,16.9,15.4,10.0,494.0,309.0,2022,9,4,3.2459016393442623,lowCap
672,Gulf Oil Lubricants India Limited,GULFOILLUB,2014-07-31,3586.0,731.0,13.4,245.0,3.43,23.3,20.8,2.0,750.0,390.0,2014,7,12,2.983673469387755,lowCap
673,KDDL Limited,KDDL,2016-03-23,3565.0,2843.0,39.5,402.0,0.14,18.1,15.1,10.0,0.0,976.0,2016,3,10,7.0721393034825875,lowCap
674,Bajaj Hindusthan Sugar Limited,BAJAJHIND,1995-05-10,3556.0,27.8,0.0,33.1,0.0,0.91,-4.04,1.0,35.8,11.4,1995,5,31,0.8398791540785498,lowCap
675,Ideaforge Technology Limited,IDEAFORGE,2023-07-07,3530.0,823.0,116.0,152.0,0.0,14.7,12.5,10.0,0.0,758.0,2023,7,3,5.4144736842105265,lowCap
676,Sanghvi Movers Limited,SANGHVIMOV,2007-01-24,3529.0,815.0,23.9,209.0,0.49,15.2,12.4,2.0,888.0,305.0,2007,1,19,3.8995215311004783,lowCap
677,Maithan Alloys Limited,MAITHANALL,2011-07-05,3520.0,1209.0,12.0,999.0,0.5,25.6,20.0,10.0,0.0,766.0,2011,7,15,1.2102102102102101,lowCap
678,Pilani Investment and Industries Corporation Limited,PILANIINVS,2015-12-08,3519.0,3178.0,18.5,11411.0,0.47,2.26,2.21,10.0,0.0,0.0,2015,12,11,0.278503198667952,lowCap
679,TVS Srichakra Limited,TVSSRICHAK,2007-02-13,3501.0,4570.0,34.0,1403.0,0.69,9.23,8.16,10.0,0.0,0.0,2007,2,19,3.257305773342837,lowCap
680,UFLEX Limited,UFLEX,1995-08-23,3500.0,485.0,771.0,999.0,0.61,10.4,8.26,10.0,578.0,325.0,1995,8,31,0.4854854854854855,lowCap
681,Kirloskar Industries Limited,KIRLOSIND,2010-06-24,3469.0,3506.0,13.3,4101.0,0.31,13.4,8.23,10.0,0.0,0.0,2010,6,16,0.8549134357473787,lowCap
682,Ganesh Housing Corporation Limited,GANESHHOUC,2007-03-02,3452.0,414.0,11.2,160.0,0.57,23.0,10.5,10.0,492.0,261.0,2007,3,19,2.5875,lowCap
683,eMudhra Limited,EMUDHRA,2022-06-01,3448.0,442.0,53.1,53.6,0.28,24.0,22.4,5.0,535.0,207.0,2022,6,4,8.246268656716417,lowCap
684,Kaveri Seed Company Limited,KSCL,2007-10-04,3438.0,615.0,11.1,296.0,0.83,17.1,16.3,2.0,692.0,466.0,2007,10,19,2.0777027027027026,lowCap
685,Dynamatic Technologies Limited,DYNAMATECH,2006-09-14,3431.0,5052.0,55.2,927.0,0.2,10.4,9.22,10.0,0.0,0.0,2006,9,20,5.449838187702265,lowCap
686,Navneet Education Limited,NAVNETEDUL,1995-02-08,3416.0,151.0,28.0,56.3,1.72,19.4,15.0,2.0,176.0,88.1,1995,2,31,2.6820603907637657,lowCap
687,Greaves Cotton Limited,GREAVESCOT,2004-09-09,3413.0,147.0,502.0,59.2,0.61,9.09,6.59,2.0,165.0,118.0,2004,9,22,2.483108108108108,lowCap
688,Thyrocare Technologies Limited,THYROCARE,2016-05-09,3410.0,644.0,52.6,91.9,2.8,15.8,11.4,10.0,690.0,415.0,2016,5,10,7.007616974972796,lowCap
689,Transformers And Rectifiers (India) Limited,TRIL,2007-12-28,3409.0,239.0,279.0,28.8,0.07,14.8,10.8,1.0,247.0,52.2,2007,12,19,8.29861111111111,lowCap
690,Tata Metaliks Limited,TATAMETALI,2003-05-27,3405.0,1078.0,28.2,59.0,0.46,43.3,306.0,10.0,0.0,721.0,2003,5,23,18.271186440677965,lowCap
691,Saksoft Limited,SAKSOFT,2005-05-09,3392.0,320.0,35.6,42.9,0.21,28.4,22.7,1.0,402.0,121.0,2005,5,21,7.45920745920746,lowCap
692,Landmark Cars Limited,LANDMARK,2022-12-23,3392.0,825.0,40.1,123.0,0.28,20.1,25.2,5.0,889.0,441.0,2022,12,4,6.7073170731707314,lowCap
693,Cartrade Tech Limited,CARTRADE,2021-08-20,3350.0,715.0,64.5,442.0,0.0,3.16,1.68,10.0,900.0,340.0,2021,8,5,1.6176470588235294,lowCap
694,Sagar Cements Limited,SAGCEM,2007-01-29,3334.0,255.0,205.0,121.0,0.27,6.7,1.27,2.0,289.0,180.0,2007,1,19,2.1074380165289255,lowCap
695,Nilkamal Limited,NILKAMAL,1995-11-01,3332.0,2233.0,24.0,900.0,0.9,13.3,10.5,10.0,0.0,0.0,1995,11,31,2.4811111111111113,lowCap
696,DCX Systems Limited,DCXINDIA,2022-11-11,3323.0,344.0,37.9,61.2,0.0,13.2,21.0,2.0,386.0,138.0,2022,11,4,5.620915032679738,lowCap
697,NRB Bearing Limited,NRBBEARING,2000-03-08,3322.0,343.0,30.4,69.2,1.5,16.6,16.1,2.0,343.0,125.0,2000,3,26,4.956647398843931,lowCap
698,Dalmia Bharat Sugar and Industries Limited,DALMIASUG,1996-01-17,3318.0,410.0,11.3,292.0,0.98,13.1,13.0,2.0,490.0,310.0,1996,1,30,1.404109589041096,lowCap
699,Polyplex Corporation Limited,POLYPLEX,2003-04-11,3308.0,1054.0,46.5,1105.0,2.21,11.6,10.2,10.0,0.0,991.0,2003,4,23,0.9538461538461539,lowCap
700,Sundaram Finance Holdings Limited,SUNDARMHLD,2018-03-26,3297.0,148.0,10.2,179.0,2.04,1.43,7.23,5.0,174.0,74.0,2018,3,8,0.8268156424581006,lowCap
701,GMR Power and Urban Infra Limited,GMRP&UI,2022-03-23,3294.0,54.6,0.0,-51.5,0.0,19.0,0.0,5.0,56.0,14.3,2022,3,4,-1.0601941747572816,lowCap
702,Shalby Limited,SHALBY,2017-12-15,3289.0,304.0,42.4,89.2,0.4,10.6,7.37,10.0,330.0,114.0,2017,12,9,3.408071748878924,lowCap
703,Garware Hi-Tech Films Limited,GRWRHITECH,2022-02-03,3273.0,1409.0,20.1,829.0,0.71,11.9,9.05,10.0,0.0,491.0,2022,2,4,1.6996381182147164,lowCap
704,Yatharth Hospital & Trauma Care Services Limited,YATHARTH,2023-08-07,3245.0,378.0,49.3,93.9,0.0,26.6,43.9,10.0,442.0,304.0,2023,8,3,4.025559105431309,lowCap
705,Prime Focus Limited,PFOCUS,2006-06-20,3222.0,108.0,0.0,16.5,0.0,15.5,252.0,1.0,131.0,64.8,2006,6,20,6.545454545454546,lowCap
706,Gensol Engineering Limited,GENSOL,2023-07-03,3155.0,833.0,95.5,76.0,0.0,12.0,19.6,10.0,946.0,266.0,2023,7,3,10.960526315789474,lowCap
707,Shivalik Bimetal Controls Limited,SBCL,2021-06-24,3134.0,544.0,39.3,52.6,0.22,38.1,34.6,2.0,750.0,360.0,2021,6,5,10.342205323193916,lowCap
708,Gufic Biosciences Limited,GUFICBIO,2004-10-19,3134.0,313.0,0.0,40.3,0.03,0.0,0.0,1.0,348.0,177.0,2004,10,22,7.766749379652606,lowCap
709,Bombay Dyeing & Mfg Company Limited,BOMDYEING,1995-04-26,3123.0,151.0,0.0,-63.4,0.0,1.05,0.0,2.0,184.0,53.2,1995,4,31,-2.3817034700315456,lowCap
710,Inox Green Energy Services Limited,INOXGREEN,2022-11-23,3046.0,104.0,307.0,44.8,0.0,0.79,-3.82,10.0,113.0,38.4,2022,11,4,2.3214285714285716,lowCap
711,Somany Ceramics Limited,SOMANYCERA,1995-11-22,3045.0,717.0,37.4,193.0,0.42,9.37,8.57,2.0,819.0,466.0,1995,11,31,3.715025906735751,lowCap
712,Bajaj Consumer Care Limited,BAJAJCON,2010-08-18,3035.0,213.0,19.3,56.2,2.38,21.0,17.3,1.0,263.0,151.0,2010,8,16,3.790035587188612,lowCap
713,Wendt (India) Limited,WENDT,2006-08-07,3020.0,15098.0,74.0,977.0,0.55,28.8,21.6,10.0,0.0,0.0,2006,8,20,15.453428863868986,lowCap
714,Prakash Industries Limited,PRAKASH,1995-05-10,3009.0,168.0,7.8,174.0,0.0,0.0,0.0,10.0,203.0,48.8,1995,5,31,0.9655172413793104,lowCap
715,Mold-Tek Packaging Limited,MOLDTKPAC,2015-02-23,3002.0,905.0,47.2,140.0,0.66,23.1,18.7,5.0,0.0,844.0,2015,2,11,6.464285714285714,lowCap
716,Apollo Micro Systems Limited,APOLLO,2018-01-22,2997.0,114.0,124.0,18.3,0.02,11.9,6.34,1.0,162.0,24.6,2018,1,8,6.229508196721311,lowCap
717,Sandhar Technologies Limited,SANDHAR,2018-04-02,2973.0,494.0,32.1,159.0,0.49,8.7,8.01,10.0,532.0,186.0,2018,4,8,3.106918238993711,lowCap
718,Stylam Industries Limited,STYLAMIND,2021-08-02,2932.0,1730.0,26.6,278.0,0.14,31.9,26.4,5.0,0.0,942.0,2021,8,5,6.223021582733813,lowCap
719,Greenply Industries Limited,GREENPLY,1996-03-06,2925.0,236.0,55.2,53.4,0.21,11.6,14.1,1.0,250.0,134.0,1996,3,30,4.419475655430712,lowCap
720,Cigniti Technologies Limited,CIGNITITEC,2014-10-13,2921.0,1070.0,15.7,245.0,0.28,38.2,32.1,10.0,0.0,522.0,2014,10,12,4.36734693877551,lowCap
721,MPS Limited,MPSLTD,2002-01-21,2914.0,1703.0,23.9,264.0,1.76,36.4,27.5,10.0,0.0,809.0,2002,1,24,6.450757575757576,lowCap
722,Shilpa Medicare Limited,SHILPAMED,2009-12-03,2906.0,335.0,0.0,205.0,0.0,0.81,-1.71,1.0,397.0,222.0,2009,12,17,1.6341463414634145,lowCap
723,Imagicaaworld Entertainment Limited,IMAGICAA,2015-04-06,2901.0,60.2,8.03,16.3,0.0,34.6,0.0,10.0,65.2,33.5,2015,4,11,3.6932515337423313,lowCap
724,Unichem Laboratories Limited,UNICHEMLAB,2001-02-07,2873.0,408.0,0.0,342.0,0.0,-4.58,-7.05,2.0,455.0,265.0,2001,2,25,1.1929824561403508,lowCap
725,SEPC Limited,SEPC,2008-02-20,2866.0,20.3,0.0,8.14,0.0,-2.62,-12.0,10.0,26.0,7.38,2008,2,18,2.493857493857494,lowCap
726,IFGL Refractories Limited,IFGLEXPOR,2017-11-14,2864.0,795.0,25.4,290.0,0.89,10.1,8.22,10.0,936.0,197.0,2017,11,9,2.7413793103448274,lowCap
727,CARE Ratings Limited,CARERATING,2012-12-26,2857.0,960.0,32.3,230.0,1.75,18.7,12.7,10.0,0.0,590.0,2012,12,14,4.173913043478261,lowCap
728,Tarsons Products Limited,TARSONS,2021-11-26,2852.0,536.0,28.3,92.1,0.0,35.3,27.4,2.0,723.0,444.0,2021,11,5,5.819761129207383,lowCap
729,Sequent Scientific Limited,SEQUENT,2016-03-10,2850.0,114.0,0.0,25.3,0.0,-3.43,-8.98,2.0,129.0,61.8,2016,3,10,4.5059288537549405,lowCap
730,Pearl Global Industries Limited,PGIL,2007-02-15,2840.0,1304.0,18.1,339.0,1.36,19.2,21.1,10.0,0.0,334.0,2007,2,19,3.8466076696165192,lowCap
731,Dreamfolks Services Limited,DREAMFOLKS,2022-09-06,2837.0,543.0,37.8,37.3,0.09,76.8,60.2,2.0,847.0,359.0,2022,9,4,14.557640750670242,lowCap
732,Heritage Foods Limited,HERITGFOOD,1996-11-27,2816.0,304.0,39.8,79.9,0.84,10.6,7.91,5.0,315.0,135.0,1996,11,30,3.8047559449311636,lowCap
733,Paras Defence and Space Technologies Limited,PARAS,2021-10-01,2813.0,721.0,81.6,110.0,0.0,13.0,9.1,10.0,848.0,446.0,2021,10,5,6.554545454545455,lowCap
734,Mukand Limited,MUKANDLTD,2004-02-23,2779.0,192.0,14.0,60.8,1.01,-8.29,-50.9,10.0,209.0,115.0,2004,2,22,3.1578947368421053,lowCap
735,Parag Milk Foods Limited,PARAGMILK,2016-05-19,2767.0,236.0,35.4,72.8,0.0,8.72,7.88,10.0,263.0,68.0,2016,5,10,3.241758241758242,lowCap
736,Jindal Poly Films Limited,JINDALPOLY,2002-01-21,2762.0,631.0,0.0,927.0,0.67,12.5,8.12,10.0,818.0,485.0,2002,1,24,0.6806903991370011,lowCap
737,Fiem Industries Limited,FIEMIND,2006-10-19,2760.0,2097.0,18.5,608.0,1.42,26.6,19.9,10.0,0.0,0.0,2006,10,20,3.4490131578947367,lowCap
738,Mahindra Logistics Limited,MAHLOG,2017-11-10,2760.0,383.0,0.0,72.2,0.65,7.36,4.45,10.0,509.0,347.0,2017,11,9,5.304709141274238,lowCap
739,ISMT Limited,ISMTLTD,2007-08-28,2756.0,91.7,19.7,52.2,0.0,10.8,6.13,5.0,105.0,52.8,2007,8,19,1.7567049808429118,lowCap
740,PSP Projects Limited,PSPPROJECT,2017-05-29,2744.0,762.0,17.4,241.0,0.33,24.7,17.6,10.0,846.0,652.0,2017,5,9,3.1618257261410787,lowCap
741,Dishman Carbogen Amcis Limited,DCAL,2017-09-21,2722.0,174.0,0.0,368.0,0.0,1.03,-0.15,2.0,182.0,80.0,2017,9,9,0.47282608695652173,lowCap
742,IOL Chemicals and Pharmaceuticals Limited,IOLCP,2010-11-08,2714.0,462.0,15.8,271.0,0.86,13.6,9.61,10.0,536.0,272.0,2010,11,16,1.7047970479704797,lowCap
743,Indian Metals & Ferro Alloys Limited,IMFA,2010-07-23,2708.0,502.0,9.73,379.0,1.99,17.8,13.0,10.0,573.0,258.0,2010,7,16,1.324538258575198,lowCap
744,PTC India Financial Services Limited,PFS,2011-03-30,2704.0,42.1,16.0,38.5,2.41,7.84,7.47,10.0,47.9,12.2,2011,3,15,1.0935064935064935,lowCap
745,The Anup Engineering Limited,ANUP,2019-03-01,2695.0,2719.0,36.6,468.0,0.54,16.8,12.4,10.0,0.0,847.0,2019,3,7,5.80982905982906,lowCap
746,Apollo Pipes Limited,APOLLOPIPE,2019-11-11,2693.0,685.0,241.0,24.6,0.09,30.6,24.0,10.0,790.0,481.0,2019,11,7,27.84552845528455,lowCap
747,Optiemus Infracom Limited,OPTIEMUS,2017-08-08,2678.0,312.0,60.1,44.9,0.49,13.5,11.7,10.0,381.0,160.0,2017,8,9,6.948775055679287,lowCap
748,Gandhar Oil Refinery (India) Limited,GANDHAR,2023-11-30,2669.0,273.0,14.1,0.0,0.0,37.3,30.0,2.0,345.0,269.0,2023,11,3,inf,lowCap
749,Den Networks Limited,DEN,2009-11-24,2661.0,55.8,10.1,69.0,0.0,2.97,6.01,10.0,61.3,25.2,2009,11,17,0.808695652173913,lowCap
750,Apcotex Industries Limited,APCOTEXIND,1995-09-06,2659.0,513.0,70.9,38.2,1.07,19.8,24.4,2.0,589.0,398.0,1995,9,31,13.429319371727747,lowCap
751,Goodluck India Limited,GOODLUCK,2015-01-08,2659.0,938.0,24.2,251.0,0.48,16.6,16.5,2.0,969.0,355.0,2015,1,11,3.737051792828685,lowCap
752,Satin Creditcare Network Limited,SATIN,2015-08-26,2657.0,241.0,7.54,191.0,0.0,8.41,0.3,10.0,277.0,114.0,2015,8,11,1.2617801047120418,lowCap
753,Gujarat Industries Power Company Limited,GIPCL,1995-02-08,2653.0,175.0,7.53,170.0,2.15,16.2,14.2,10.0,187.0,70.7,1995,2,31,1.0294117647058822,lowCap
754,Seamec Limited,SEAMECLTD,1995-06-28,2646.0,1041.0,540.0,315.0,0.11,3.35,3.72,10.0,0.0,562.0,1995,6,31,3.3047619047619046,lowCap
755,Dollar Industries Limited,DOLLAR,2017-04-21,2636.0,465.0,55.4,129.0,0.63,9.21,7.58,2.0,475.0,310.0,2017,4,9,3.604651162790698,lowCap
756,Zaggle Prepaid Ocean Services Limited,ZAGGLE,2023-09-22,2626.0,215.0,115.0,43.5,0.0,0.0,0.0,1.0,266.0,155.0,2023,9,3,4.942528735632184,lowCap
757,Lumax Auto Technologies Limited,LUMAXTECH,2007-01-16,2614.0,383.0,26.9,103.0,1.17,14.8,15.9,2.0,470.0,210.0,2007,1,19,3.7184466019417477,lowCap
758,Vindhya Telelinks Limited,VINDHYATEL,1995-02-08,2606.0,2199.0,11.1,3176.0,0.68,8.11,5.58,10.0,0.0,0.0,1995,2,31,0.6923803526448362,lowCap
759,Uniparts India Limited,UNIPARTS,2022-12-12,2591.0,574.0,15.1,194.0,2.49,31.7,27.1,10.0,723.0,501.0,2022,12,4,2.9587628865979383,lowCap
760,Barbeque Nation Hospitality Limited,BARBEQUE,2021-04-07,2581.0,661.0,0.0,98.1,0.0,8.92,3.68,5.0,993.0,592.0,2021,4,5,6.738022426095821,lowCap
761,Confidence Petroleum India Limited,CONFIPET,2019-06-13,2567.0,88.8,22.5,30.9,0.11,13.1,12.3,1.0,105.0,55.3,2019,6,7,2.8737864077669903,lowCap
762,Styrenix Performance Materials Limited,STYRENIX,1995-03-29,2544.0,1447.0,135.0,277.0,7.19,0.0,0.0,10.0,0.0,692.0,1995,3,31,5.223826714801444,lowCap
763,Bhansali Engineering Polymers Limited,BEPL,2005-03-21,2535.0,102.0,17.3,35.9,1.96,19.2,13.3,1.0,112.0,58.0,2005,3,21,2.8412256267409473,lowCap
764,GOCL Corporation Limited,GOCLCORP,2014-06-26,2524.0,509.0,37.3,282.0,0.98,5.68,3.13,2.0,641.0,278.0,2014,6,12,1.8049645390070923,lowCap
765,AXISCADES Technologies Limited,AXISCADES,2000-12-21,2519.0,655.0,57.9,93.8,0.0,22.8,-9.58,5.0,698.0,248.0,2000,12,26,6.982942430703625,lowCap
766,Siyaram Silk Mills Limited,SIYSIL,2007-01-29,2514.0,536.0,11.9,254.0,2.07,27.9,23.7,2.0,635.0,399.0,2007,1,19,2.1102362204724407,lowCap
767,Artemis Medicare Services Limited,ARTEMISMED,2020-01-23,2506.0,184.0,56.8,31.0,0.26,11.0,9.75,1.0,187.0,60.0,2020,1,6,5.935483870967742,lowCap
768,Eveready Industries India Limited,EVEREADY,2005-04-27,2503.0,344.0,60.5,50.8,0.0,12.9,8.87,5.0,442.0,273.0,2005,4,21,6.771653543307087,lowCap
769,Globus Spirits Limited,GLOBUSSPR,2009-09-23,2503.0,869.0,14.1,203.0,0.7,31.6,27.3,10.0,0.0,739.0,2009,9,17,4.280788177339901,lowCap
770,Prataap Snacks Limited,DIAMONDYD,2017-10-05,2502.0,1049.0,123.0,288.0,0.1,1.15,3.14,5.0,0.0,661.0,2017,10,9,3.642361111111111,lowCap
771,IKIO Lighting Limited,IKIO,2023-06-16,2498.0,323.0,49.9,67.8,0.0,30.6,39.9,10.0,477.0,315.0,2023,6,3,4.76401179941003,lowCap
772,Morepen Laboratories Limited,MOREPENLAB,1999-11-24,2492.0,48.8,46.9,15.4,0.0,8.57,5.93,2.0,53.0,24.0,1999,11,27,3.1688311688311686,lowCap
773,Tide Water Oil Company (India) Limited,TIDEWATER,2007-01-16,2473.0,1419.0,19.5,461.0,2.96,19.8,15.4,2.0,0.0,805.0,2007,1,19,3.0780911062906724,lowCap
774,Repco Home Finance Limited,REPCOHOME,2013-04-01,2472.0,395.0,6.76,442.0,0.69,9.0,13.0,10.0,458.0,168.0,2013,4,13,0.8936651583710408,lowCap
775,Mayur Uniquoters Ltd,MAYURUNIQ,2012-09-25,2445.0,556.0,21.7,184.0,0.36,17.4,14.1,5.0,594.0,401.0,2012,9,14,3.0217391304347827,lowCap
776,Savita Oil Technologies Limited,SOTL,1995-06-28,2443.0,354.0,14.6,221.0,1.11,24.2,16.1,2.0,389.0,232.0,1995,6,31,1.6018099547511313,lowCap
777,Hindustan Oil Exploration Company Limited,HINDOILEXP,2003-09-23,2405.0,182.0,9.05,82.4,0.0,20.4,24.1,10.0,258.0,116.0,2003,9,23,2.2087378640776696,lowCap
778,Dhani Services Limited,DHANI,2008-04-02,2370.0,39.3,0.0,59.9,0.0,-5.05,-10.4,2.0,49.1,23.6,2008,4,18,0.6560934891485809,lowCap
779,India Glycols Limited,INDIAGLYCO,2005-07-01,2367.0,765.0,16.5,635.0,0.98,8.39,5.94,10.0,803.0,512.0,2005,7,21,1.204724409448819,lowCap
780,Arman Financial Services Limited,ARMANFIN,2016-06-14,2362.0,2420.0,17.0,539.0,0.0,18.7,32.6,10.0,0.0,0.0,2016,6,10,4.489795918367347,lowCap
781,EMS Limited,EMSLIMITED,2023-09-21,2359.0,425.0,21.9,0.0,0.23,32.7,24.8,10.0,488.0,246.0,2023,9,3,inf,lowCap
782,MM Forgings Limited,MMFL,2006-12-20,2354.0,975.0,18.0,305.0,0.61,15.4,20.7,10.0,0.0,800.0,2006,12,20,3.19672131147541,lowCap
783,Skipper Limited,SKIPPER,2015-05-27,2352.0,229.0,34.0,78.2,0.04,12.0,4.72,1.0,279.0,87.2,2015,5,11,2.928388746803069,lowCap
784,Lumax Industries Limited,LUMAXIND,1995-09-06,2337.0,2500.0,22.8,651.0,1.09,19.2,19.7,10.0,0.0,0.0,1995,9,31,3.8402457757296466,lowCap
785,Vishnu Chemicals Limited,VISHNU,2015-03-05,2333.0,356.0,19.4,100.0,0.11,30.1,38.7,2.0,386.0,245.0,2015,3,11,3.56,lowCap
786,Alembic Limited,ALEMBICLTD,1999-09-22,2331.0,90.8,9.74,82.5,2.4,4.18,8.67,2.0,98.1,55.2,1999,9,27,1.1006060606060606,lowCap
787,Precision Camshafts Limited,PRECAM,2016-02-08,2317.0,244.0,55.9,75.8,0.42,8.3,6.55,10.0,319.0,88.0,2016,2,10,3.2189973614775726,lowCap
788,Krsnaa Diagnostics Limited,KRSNAA,2021-08-16,2309.0,715.0,40.0,241.0,0.4,11.7,8.71,5.0,768.0,353.0,2021,8,5,2.966804979253112,lowCap
789,Yatra Online Limited,YATRA,2023-09-28,2291.0,146.0,307.0,47.2,0.0,13.8,5.52,1.0,158.0,124.0,2023,9,3,3.0932203389830506,lowCap
790,IndoStar Capital Finance Limited,INDOSTAR,2018-05-21,2279.0,168.0,12.9,233.0,0.0,9.15,7.46,10.0,193.0,103.0,2018,5,8,0.721030042918455,lowCap
791,Pitti Engineering Limited,PITTIENG,2007-02-02,2269.0,708.0,30.9,113.0,0.38,18.2,19.0,5.0,749.0,256.0,2007,2,19,6.265486725663717,lowCap
792,Thirumalai Chemicals Limited,TIRUMALCHM,2003-05-14,2253.0,220.0,0.0,118.0,0.69,10.9,7.88,1.0,245.0,168.0,2003,5,23,1.8644067796610169,lowCap
793,Rishabh Instruments Limited,RISHABH,2023-09-11,2249.0,590.0,48.2,136.0,0.0,13.7,12.6,10.0,611.0,432.0,2023,9,3,4.338235294117647,lowCap
794,Sirca Paints India Limited,SIRCA,2019-07-22,2236.0,408.0,46.2,52.1,0.36,25.3,18.8,10.0,434.0,288.0,2019,7,7,7.8310940499040305,lowCap
795,Camlin Fine Sciences Limited,CAMLINFINE,2015-01-20,2236.0,134.0,94.3,56.3,0.0,10.2,5.7,1.0,186.0,124.0,2015,1,11,2.380106571936057,lowCap
796,Updater Services Limited,UDS,2023-10-04,2232.0,335.0,50.0,0.0,0.0,16.8,12.4,10.0,373.0,235.0,2023,10,3,inf,lowCap
797,BF Utilities Limited,BFUTILITIE,2007-05-03,2222.0,590.0,16.7,-5.03,0.0,25.7,0.0,5.0,816.0,283.0,2007,5,19,-117.2962226640159,lowCap
798,CARYSIL LIMITED,CARYSIL,2021-01-14,2221.0,828.0,43.1,122.0,0.24,17.8,18.8,2.0,980.0,431.0,2021,1,5,6.786885245901639,lowCap
799,IRM Energy Limited,IRMENERGY,2023-10-26,2216.0,540.0,35.2,0.0,0.0,17.4,23.0,10.0,564.0,435.0,2023,10,3,inf,lowCap
800,Seshasayee Paper and Boards Limited,SESHAPAPER,1995-03-29,2216.0,351.0,5.96,281.0,1.71,36.5,27.4,2.0,422.0,220.0,1995,3,31,1.2491103202846976,lowCap
801,Som Distilleries & Breweries Limited,SDBL,2014-03-18,2214.0,286.0,29.6,66.5,0.09,15.6,18.1,5.0,390.0,109.0,2014,3,12,4.3007518796992485,lowCap
802,RPSG VENTURES LIMITED,RPSGVENT,2019-01-25,2200.0,746.0,302.0,861.0,0.0,9.32,-2.29,10.0,824.0,359.0,2019,1,7,0.8664343786295006,lowCap
803,Oriental Hotels Limited,ORIENTHOT,1998-08-27,2197.0,123.0,45.7,30.8,0.4,13.5,10.9,1.0,135.0,66.4,1998,8,28,3.9935064935064934,lowCap
804,ADF Foods Limited,ADFFOODS,2010-09-15,2186.0,199.0,34.0,40.0,0.51,17.0,14.2,2.0,262.0,133.0,2010,9,16,4.975,lowCap
805,Agro Tech Foods Limited,ATFL,2002-12-06,2182.0,896.0,120.0,201.0,0.33,4.55,3.26,10.0,970.0,742.0,2002,12,24,4.45771144278607,lowCap
806,63 moons technologies limited,MOONS,2005-06-20,2180.0,473.0,17.1,704.0,0.42,1.99,-1.43,2.0,691.0,158.0,2005,6,21,0.671875,lowCap
807,Sasken Technologies Limited,SASKEN,2005-09-09,2177.0,1447.0,23.6,499.0,1.72,17.1,13.8,10.0,0.0,770.0,2005,9,21,2.899799599198397,lowCap
808,Astec LifeSciences Limited,ASTEC,2009-11-25,2171.0,1107.0,0.0,201.0,0.14,7.82,6.36,10.0,0.0,0.0,2009,11,17,5.507462686567164,lowCap
809,Huhtamaki India Limited,HUHTAMAKI,2004-10-01,2164.0,287.0,25.6,93.1,0.69,17.6,13.0,2.0,324.0,186.0,2004,10,22,3.0827067669172936,lowCap
810,Sadhana Nitrochem Limited,SADHNANIQ,2023-05-05,2163.0,87.6,421.0,9.26,0.17,5.0,1.76,1.0,121.0,66.0,2023,5,3,9.460043196544277,lowCap
811,Paramount Communications Limited,PARACABLES,2007-01-03,2158.0,88.1,34.8,16.7,0.0,13.8,21.2,2.0,96.4,27.9,2007,1,19,5.275449101796407,lowCap
812,Precision Wires India Limited,PRECWIRE,1995-09-06,2151.0,120.0,127.0,11.2,0.72,16.9,8.88,1.0,141.0,59.4,1995,9,31,10.714285714285715,lowCap
813,Xpro India Limited,XPROINDIA,2004-04-27,2150.0,1040.0,68.2,166.0,0.19,28.4,26.6,10.0,0.0,520.0,2004,4,22,6.265060240963855,lowCap
814,Sangam (India) Limited,SANGAMIND,1996-07-17,2147.0,427.0,23.4,215.0,0.46,15.5,18.6,10.0,455.0,185.0,1996,7,30,1.986046511627907,lowCap
815,GTPL Hathway Limited,GTPL,2017-07-04,2142.0,190.0,20.7,100.0,2.1,15.2,11.8,10.0,202.0,93.5,2017,7,9,1.9,lowCap
816,Rupa & Company Limited,RUPA,2011-12-07,2141.0,269.0,43.6,115.0,1.11,7.56,5.92,1.0,309.0,197.0,2011,12,15,2.3391304347826085,lowCap
817,Orient Green Power Company Limited,GREENPOWER,2010-10-08,2138.0,21.8,49.5,8.52,0.0,7.19,1.82,10.0,25.5,7.09,2010,10,16,2.55868544600939,lowCap
818,Filatex India Limited,FILATEX,2011-08-29,2135.0,48.1,25.6,10.8,0.31,16.9,19.4,1.0,55.2,30.2,2011,8,15,4.453703703703703,lowCap
819,Jindal Drilling And Industries Limited,JINDRILL,2006-12-22,2130.0,735.0,30.8,465.0,0.07,9.94,7.68,5.0,915.0,213.0,2006,12,20,1.5806451612903225,lowCap
820,HIL Limited,HIL,1995-04-26,2127.0,2821.0,72.0,1676.0,1.6,8.71,8.13,10.0,0.0,0.0,1995,4,31,1.6831742243436754,lowCap
821,Ganesha Ecosphere Limited,GANECOS,2015-03-09,2120.0,971.0,49.6,293.0,0.21,10.6,11.3,10.0,0.0,781.0,2015,3,11,3.3139931740614332,lowCap
822,PC Jeweller Limited,PCJEWELLER,2012-12-27,2119.0,45.5,0.0,69.8,0.0,5.33,-5.36,10.0,86.9,21.3,2012,12,14,0.6518624641833811,lowCap
823,Bharat Wire Ropes Limited,BHARATWIRE,2016-04-01,2118.0,312.0,25.5,89.8,0.0,16.2,50.5,10.0,344.0,87.3,2016,4,10,3.4743875278396437,lowCap
824,Accelya Solutions India Limited,ACCELYA,1999-12-01,2116.0,1417.0,18.1,181.0,4.58,56.1,44.2,10.0,0.0,0.0,1999,12,27,7.828729281767956,lowCap
825,Everest Industries Limited,EVERESTIND,1995-03-29,2115.0,1341.0,88.7,373.0,0.47,11.5,7.52,10.0,0.0,681.0,1995,3,31,3.5951742627345844,lowCap
826,Kalyani Steels Limited,KSL,2010-05-19,2105.0,482.0,8.64,313.0,2.07,22.7,19.4,5.0,558.0,281.0,2010,5,16,1.5399361022364217,lowCap
827,Kiri Industries Limited,KIRIINDUS,2008-04-22,2097.0,404.0,240.0,520.0,0.0,4.77,4.06,10.0,483.0,255.0,2008,4,18,0.7769230769230769,lowCap
828,Insecticides (India) Limited,INSECTICID,2007-05-30,2076.0,702.0,33.3,338.0,0.44,9.71,7.08,10.0,762.0,410.0,2007,5,19,2.076923076923077,lowCap
829,Ador Welding Limited,ADORWELD,1995-05-10,2072.0,1524.0,41.6,209.0,1.15,20.0,14.8,10.0,0.0,777.0,1995,5,31,7.291866028708134,lowCap
830,Salasar Techno Engineering Limited,SALASAR,2017-07-25,2069.0,65.6,46.0,13.2,0.15,14.3,11.9,1.0,69.7,36.0,2017,7,9,4.96969696969697,lowCap
831,Vidhi Specialty Food Ingredients Limited,VIDHIING,2016-03-02,2053.0,411.0,60.7,53.3,0.19,17.6,16.1,1.0,465.0,317.0,2016,3,10,7.711069418386492,lowCap
832,TCPL Packaging Limited,TCPLPACK,2017-10-17,2039.0,2240.0,20.1,523.0,0.88,20.7,24.9,10.0,0.0,0.0,2017,10,9,4.282982791586998,lowCap
833,Mahanagar Telephone Nigam Limited,MTNL,1999-02-17,2036.0,32.3,0.0,-353.0,0.0,-7.04,0.0,10.0,35.8,16.6,1999,2,27,-0.0915014164305949,lowCap
834,Reliance Industrial Infrastructure Limited,RIIL,1995-11-29,2036.0,1348.0,102.0,291.0,0.26,2.73,2.54,10.0,0.0,723.0,1995,11,31,4.632302405498282,lowCap
835,S H Kelkar and Company Limited,SHK,2015-11-16,2031.0,147.0,27.2,82.5,1.35,8.04,6.66,10.0,173.0,81.6,2015,11,11,1.7818181818181817,lowCap
836,Panama Petrochem Limited,PANAMAPET,2011-09-30,2024.0,335.0,10.5,168.0,2.38,34.9,27.1,2.0,369.0,268.0,2011,9,15,1.994047619047619,lowCap
837,Expleo Solutions Limited,EXPLEOSOL,2009-10-26,2022.0,1303.0,16.6,324.0,0.38,38.8,28.8,10.0,0.0,0.0,2009,10,17,4.021604938271605,lowCap
838,Jagran Prakashan Limited,JAGRAN,2006-02-22,2018.0,92.7,12.5,84.3,4.31,8.23,7.08,2.0,121.0,65.2,2006,2,20,1.0996441281138791,lowCap
839,Veranda Learning Solutions Limited,VERANDA,2022-04-11,2016.0,292.0,0.0,62.0,0.0,-25.2,-60.5,10.0,337.0,155.0,2022,4,4,4.709677419354839,lowCap
840,BF Investment Limited,BFINVEST,2011-01-14,2011.0,534.0,6.73,1411.0,0.0,7.88,5.94,5.0,579.0,282.0,2011,1,15,0.3784549964564139,lowCap
841,Aeroflex Industries Limited,AEROFLEX,2023-08-31,2008.0,155.0,61.9,21.2,0.0,34.6,32.4,2.0,197.0,141.0,2023,8,3,7.311320754716982,lowCap
842,Vakrangee Limited,VAKRANGEE,2006-04-03,2007.0,18.9,0.0,1.13,0.27,2.65,0.87,1.0,25.8,13.3,2006,4,20,16.72566371681416,lowCap
843,Federal-Mogul Goetze (India) Limited.,FMGOETZE,1995-02-08,2003.0,360.0,17.0,187.0,0.0,14.6,11.0,10.0,432.0,285.0,1995,2,31,1.9251336898395721,lowCap
844,Thejo Engineering Limited,THEJO,2023-10-10,1980.0,1844.0,50.2,205.0,0.11,20.8,18.1,10.0,0.0,0.0,2023,10,3,8.995121951219513,lowCap
845,KCP Limited,KCP,1997-04-09,1975.0,153.0,23.3,99.4,0.06,6.22,3.45,1.0,161.0,91.6,1997,4,29,1.539235412474849,lowCap
846,Marathon Nextgen Realty Limited,MARATHON,2016-09-29,1973.0,420.0,11.5,184.0,0.24,16.8,17.7,5.0,490.0,191.0,2016,9,10,2.282608695652174,lowCap
847,Themis Medicare Limited,THEMISMED,2007-04-02,1971.0,214.0,38.5,39.6,0.24,19.7,17.3,1.0,226.0,109.0,2007,4,19,5.404040404040404,lowCap
848,DPSC Limited,DPSCLTD,2008-04-21,1957.0,20.1,130.0,10.4,0.25,3.95,1.34,1.0,27.8,9.1,2008,4,18,1.9326923076923077,lowCap
849,Meghmani Organics Limited,MOL,2021-08-18,1957.0,76.9,0.0,62.3,1.82,16.1,14.2,1.0,113.0,71.7,2021,8,5,1.2343499197431784,lowCap
850,Subex Limited,SUBEXLTD,2020-11-05,1941.0,34.4,0.0,8.76,0.0,-9.35,-9.56,5.0,39.2,25.0,2020,11,6,3.9269406392694064,lowCap
851,Arvind SmartSpaces Limited,ARVSMART,2015-08-26,1923.0,424.0,63.6,103.0,0.38,9.21,5.58,10.0,445.0,224.0,2015,8,11,4.116504854368932,lowCap
852,Shakti Pumps (India) Limited,SHAKTIPUMP,2015-01-29,1916.0,1043.0,94.1,229.0,0.2,10.4,5.95,10.0,0.0,388.0,2015,1,11,4.554585152838428,lowCap
853,S.J.S. Enterprises Limited,SJS,2021-11-15,1915.0,617.0,28.0,160.0,0.0,22.1,17.0,10.0,745.0,378.0,2021,11,5,3.85625,lowCap
854,GNA Axles Limited,GNA,2016-09-26,1904.0,443.0,14.6,181.0,1.34,21.4,19.9,10.0,583.0,334.0,2016,9,10,2.447513812154696,lowCap
855,Quick Heal Technologies Limited,QUICKHEAL,2016-02-18,1902.0,357.0,0.0,74.6,0.69,0.17,0.16,10.0,398.0,125.0,2016,2,10,4.785522788203754,lowCap
856,Credo Brands Marketing Limited,MUFTI,2023-12-27,1900.0,296.0,24.4,0.0,0.0,28.3,30.1,2.0,325.0,262.0,2023,12,3,inf,lowCap
857,HMT Limited,HMT,2003-08-29,1885.0,53.0,0.0,-123.0,0.0,0.0,0.0,10.0,70.4,22.7,2003,8,23,-0.43089430894308944,lowCap
858,Jash Engineering Limited,JASH,2019-10-30,1877.0,1560.0,33.9,202.0,0.25,22.5,24.3,10.0,0.0,805.0,2019,10,7,7.7227722772277225,lowCap
859,Geojit Financial Services Limited,GEOJITFSL,2005-07-01,1876.0,78.4,17.0,31.1,1.9,14.5,13.7,1.0,84.2,39.1,2005,7,21,2.5209003215434085,lowCap
860,Rane Holdings Limited,RANEHOLDIN,1997-09-24,1871.0,1310.0,13.9,592.0,1.29,11.1,8.79,10.0,0.0,792.0,1997,9,29,2.2128378378378377,lowCap
861,Ramco Industries Limited,RAMCOIND,1996-11-06,1869.0,215.0,20.0,459.0,0.46,3.42,3.15,1.0,240.0,117.0,1996,11,30,0.4684095860566449,lowCap
862,Capacit'e Infraprojects Limited,CAPACITE,2017-09-25,1864.0,253.0,22.3,164.0,0.0,16.9,9.78,10.0,283.0,109.0,2017,9,9,1.5426829268292683,lowCap
863,Yasho Industries Limited,YASHO,2023-08-21,1858.0,1630.0,35.3,231.0,0.03,23.2,33.0,10.0,0.0,0.0,2023,8,3,7.0562770562770565,lowCap
864,Goldiam International Limited,GOLDIAM,2005-08-29,1847.0,170.0,21.7,54.2,1.18,20.9,15.3,2.0,192.0,120.0,2005,8,21,3.136531365313653,lowCap
865,Talbros Automotive Components Limited,TALBROAUTO,2006-09-29,1833.0,297.0,26.9,73.0,0.21,19.2,16.5,2.0,348.0,76.0,2006,9,20,4.068493150684931,lowCap
866,Pix Transmissions Limited,PIXTRANS,2022-04-28,1819.0,1334.0,26.9,326.0,0.43,19.5,16.6,10.0,0.0,702.0,2022,4,4,4.0920245398773005,lowCap
867,Gokul Agro Resources Limited,GOKULAGRO,2016-03-11,1816.0,123.0,13.7,48.1,0.0,28.2,23.6,2.0,139.0,94.8,2016,3,10,2.557172557172557,lowCap
868,NELCO Limited,NELCO,2003-05-28,1809.0,793.0,81.9,48.6,0.25,21.6,20.5,10.0,894.0,486.0,2003,5,23,16.31687242798354,lowCap
869,Rama Steel Tubes Limited,RAMASTEEL,2015-08-19,1798.0,36.4,56.2,6.25,0.0,15.8,15.2,1.0,46.1,26.1,2015,8,11,5.824,lowCap
870,Unitech Limited,UNITECH,1999-09-08,1787.0,6.83,0.0,-7.96,0.0,0.71,-486.0,2.0,10.2,1.1,1999,9,27,-0.8580402010050251,lowCap
871,Universal Cables Limited,UNIVCABLES,1995-05-17,1781.0,513.0,17.6,481.0,0.59,12.0,8.46,10.0,555.0,287.0,1995,5,31,1.0665280665280665,lowCap
872,Vadilal Industries Limited,VADILALIND,2011-06-15,1780.0,2475.0,13.8,704.0,0.06,25.6,28.4,10.0,0.0,0.0,2011,6,15,3.515625,lowCap
873,Suven Life Sciences Limited,SUVEN,2003-10-23,1768.0,81.0,0.0,15.5,0.0,-52.7,-53.5,1.0,88.9,45.0,2003,10,23,5.225806451612903,lowCap
874,Amrutanjan Health Care Limited,AMRUTANJAN,2015-01-02,1762.0,603.0,86.5,37.2,0.77,31.4,20.0,1.0,775.0,553.0,2015,1,11,16.209677419354836,lowCap
875,Rossell India Limited,ROSSELLIND,2012-09-25,1762.0,467.0,153.0,82.4,0.09,10.1,10.4,2.0,550.0,221.0,2012,9,14,5.667475728155339,lowCap
876,Centum Electronics Limited,CENTUM,2007-10-05,1753.0,1360.0,135.0,158.0,0.29,7.65,3.23,10.0,0.0,497.0,2007,10,19,8.60759493670886,lowCap
877,5Paisa Capital Limited,PAISA,2017-11-16,1751.0,563.0,29.7,163.0,0.0,12.4,10.6,10.0,566.0,270.0,2017,11,9,3.4539877300613497,lowCap
878,HLV LIMITED,HLVLTD,1995-07-19,1748.0,26.5,10.2,7.25,0.0,7.85,47.2,2.0,31.1,8.0,1995,7,31,3.6551724137931036,lowCap
879,New Delhi Television Limited,NDTV,2004-05-19,1714.0,266.0,0.0,42.9,0.0,18.6,15.7,4.0,359.0,167.0,2004,5,22,6.200466200466201,lowCap
880,Bcl Industries Limited,BCLIND,2021-03-04,1711.0,66.4,20.4,21.8,0.77,13.9,16.1,1.0,79.1,30.0,2021,3,5,3.0458715596330275,lowCap
881,DCW Limited,DCW,1995-05-25,1693.0,57.4,0.0,26.2,0.85,1.23,-0.73,2.0,63.4,40.0,1995,5,31,2.1908396946564888,lowCap
882,Premier Explosives Limited,PREMEXPLN,2016-06-17,1693.0,1575.0,73.8,198.0,0.11,6.82,3.76,10.0,0.0,350.0,2016,6,10,7.954545454545454,lowCap
883,Nalwa Sons Investments Limited,NSIL,2003-11-17,1690.0,3288.0,35.4,20600.0,0.0,1.57,1.14,10.0,0.0,0.0,2003,11,23,0.1596116504854369,lowCap
884,Man Industries (India) Limited,MANINDS,2005-06-24,1686.0,280.0,14.8,195.0,0.74,10.4,6.1,5.0,291.0,77.1,2005,6,21,1.435897435897436,lowCap
885,Dhampur Sugar Mills Limited,DHAMPURSUG,1995-03-29,1682.0,253.0,10.7,159.0,1.98,15.2,16.6,10.0,326.0,202.0,1995,3,31,1.5911949685534592,lowCap
886,GTL Infrastructure Limited,GTLINFRA,2006-11-09,1678.0,1.31,0.0,-5.81,0.0,4.4,0.0,10.0,1.62,0.6,2006,11,20,-0.22547332185886404,lowCap
887,Pennar Industries Limited,PENIND,2010-11-25,1675.0,124.0,18.9,61.0,0.0,13.3,9.97,5.0,132.0,52.5,2010,11,16,2.0327868852459017,lowCap
888,Wheels India Limited,WHEELS,2000-04-07,1667.0,693.0,36.7,328.0,0.99,10.8,7.22,10.0,855.0,432.0,2000,4,26,2.1128048780487805,lowCap
889,Himatsingka Seide Limited,HIMATSEIDE,1995-02-08,1643.0,167.0,19.9,152.0,0.0,3.77,-5.7,5.0,188.0,67.6,1995,2,31,1.0986842105263157,lowCap
890,Dwarikesh Sugar Industries Limited,DWARKESH,2004-12-31,1637.0,86.9,0.0,0.0,2.3,0.0,0.0,1.0,110.0,75.0,2004,12,22,inf,lowCap
891,Shankara Building Products Limited,SHANKARA,2017-04-05,1637.0,716.0,23.1,295.0,0.35,15.6,10.8,10.0,929.0,574.0,2017,4,9,2.4271186440677965,lowCap
892,Igarashi Motors India Limited,IGARASHI,2003-10-09,1635.0,519.0,0.0,0.0,0.19,0.0,0.0,10.0,692.0,330.0,2003,10,23,inf,lowCap
893,Sical Logistics Limited,SICALLOG,2023-10-12,1631.0,250.0,0.0,4.81,0.0,-4.05,0.0,10.0,294.0,97.0,2023,10,3,51.97505197505198,lowCap
894,Deep Industries Limited,DEEPINDS,2021-04-27,1630.0,255.0,14.0,224.0,0.74,8.39,6.89,5.0,299.0,125.0,2021,4,5,1.1383928571428572,lowCap
895,Control Print Limited,CONTROLPR,2016-06-24,1623.0,1015.0,28.1,191.0,0.89,23.0,19.1,10.0,0.0,383.0,2016,6,10,5.31413612565445,lowCap
896,Punjab Chemicals & Crop Protection Limited,PUNJABCHEM,2007-03-08,1622.0,1323.0,25.6,258.0,0.23,30.9,24.2,10.0,0.0,722.0,2007,3,19,5.127906976744186,lowCap
897,Allcargo Gati Limited,ACLGATI,2006-10-10,1619.0,124.0,0.0,47.2,0.0,3.43,-1.22,2.0,178.0,97.5,2006,10,20,2.6271186440677963,lowCap
898,Spacenet Enterprises India Limited,SPCENET,2017-01-10,1602.0,30.0,230.0,1.09,0.0,0.0,7.25,1.0,33.2,14.2,2017,1,9,27.52293577981651,lowCap
899,Heranba Industries Limited,HERANBA,2021-03-05,1602.0,400.0,35.5,207.0,0.32,0.0,0.0,10.0,510.0,265.0,2021,3,5,1.932367149758454,lowCap
900,COSMO FIRST LIMITED,COSMOFIRST,1995-05-25,1599.0,609.0,14.2,503.0,0.81,17.0,19.6,10.0,797.0,550.0,1995,5,31,1.2107355864811133,lowCap
901,Bhagiradha Chemicals & Industries Limited,BHAGCHEM,2021-10-18,1598.0,1536.0,55.6,306.0,0.26,21.7,18.0,10.0,0.0,860.0,2021,10,5,5.019607843137255,lowCap
902,Abans Holdings Limited,AHL,2022-12-23,1594.0,318.0,21.1,175.0,0.0,7.91,8.9,2.0,355.0,180.0,2022,12,4,1.8171428571428572,lowCap
903,Hi-Tech Pipes Limited,HITECH,2018-05-07,1590.0,116.0,33.5,34.6,0.02,14.6,14.4,1.0,118.0,69.3,2018,5,8,3.352601156069364,lowCap
904,GVK Power & Infrastructure Limited,GVKPIL,2006-02-27,1590.0,10.1,11.9,-6.14,0.0,14.1,0.0,1.0,13.8,1.98,2006,2,20,-1.6449511400651466,lowCap
905,HPL Electric & Power Limited,HPL,2016-10-04,1586.0,247.0,44.6,126.0,0.41,8.85,3.87,10.0,270.0,74.1,2016,10,10,1.9603174603174602,lowCap
906,Atul Auto Limited,ATULAUTO,2013-06-26,1586.0,571.0,317.0,145.0,0.0,4.43,0.94,5.0,693.0,273.0,2013,6,13,3.9379310344827587,lowCap
907,Servotech Power Systems Limited,SERVOTECH,2021-09-02,1584.0,74.5,92.6,4.2,0.05,18.3,17.4,1.0,100.0,15.2,2021,9,5,17.738095238095237,lowCap
908,Southern Petrochemicals Industries Corporation  Limited,SPIC,1996-01-10,1580.0,77.6,7.24,52.4,1.95,29.6,35.9,10.0,92.0,52.0,1996,1,30,1.4809160305343512,lowCap
909,Ajmera Realty & Infra India Limited,AJMERA,2009-06-16,1575.0,444.0,22.8,228.0,0.7,7.48,9.64,10.0,475.0,244.0,2009,6,17,1.9473684210526316,lowCap
910,Sigachi Industries Limited,SIGACHI,2021-11-15,1575.0,51.2,36.6,12.5,0.19,19.6,17.6,1.0,57.7,22.0,2021,11,5,4.096,lowCap
911,Genesys International Corporation Limited,GENESYS,2003-01-23,1566.0,414.0,0.0,106.0,0.0,7.55,4.66,5.0,492.0,266.0,2003,1,23,3.9056603773584904,lowCap
912,S. P. Apparels Limited,SPAL,2016-08-12,1552.0,619.0,20.0,287.0,0.49,14.6,12.6,10.0,685.0,271.0,2016,8,10,2.156794425087108,lowCap
913,Navkar Corporation Limited,NAVKARCORP,2015-09-09,1552.0,103.0,17.2,99.8,0.0,6.93,6.18,10.0,108.0,44.4,2015,9,11,1.032064128256513,lowCap
914,NIIT Limited,NIITLTD,2004-08-16,1549.0,115.0,84.9,74.9,0.44,-0.51,-0.23,2.0,155.0,73.2,2004,8,22,1.5353805073431241,lowCap
915,GE Power India Limited,GEPIL,2000-04-19,1545.0,230.0,0.0,4.99,0.0,-29.4,-95.4,10.0,254.0,97.4,2000,4,26,46.09218436873747,lowCap
916,Shaily Engineering Plastics Limited,SHAILY,2022-04-04,1532.0,334.0,39.2,92.2,0.0,11.4,9.15,2.0,386.0,174.0,2022,4,4,3.6225596529284165,lowCap
917,Pokarna Limited,POKARNA,2016-07-07,1526.0,492.0,23.9,179.0,0.12,14.6,13.8,2.0,600.0,234.0,2016,7,10,2.7486033519553073,lowCap
918,Vascon Engineers Limited,VASCONEQ,2010-02-15,1523.0,70.1,15.5,43.2,0.36,11.3,11.3,10.0,84.5,23.8,2010,2,16,1.622685185185185,lowCap
919,The Andhra Sugars Limited,ANDHRSUGAR,1995-11-01,1506.0,111.0,13.1,114.0,1.83,16.0,12.6,2.0,139.0,100.0,1995,11,31,0.9736842105263158,lowCap
920,Aptech Limited,APTECHT,2002-09-27,1505.0,260.0,20.6,43.4,1.64,35.1,29.0,10.0,423.0,221.0,2002,9,24,5.990783410138249,lowCap
921,Kabra Extrusion Technik Limited,KABRAEXTRU,1995-09-06,1500.0,429.0,42.5,123.0,0.82,14.9,10.4,5.0,645.0,398.0,1995,9,31,3.4878048780487805,lowCap
922,Kitex Garments Limited,KITEX,2012-09-25,1499.0,225.0,75.1,131.0,0.66,8.87,6.81,1.0,242.0,136.0,2012,9,14,1.717557251908397,lowCap
923,Cupid Limited,CUPID,2016-09-16,1496.0,1122.0,78.0,102.0,0.45,0.0,0.0,10.0,0.0,235.0,2016,9,10,11.0,lowCap
924,Stove Kraft Limited,STOVEKRAFT,2021-02-05,1494.0,452.0,18.3,92.5,0.0,31.8,67.5,10.0,579.0,353.0,2021,2,5,4.886486486486486,lowCap
925,Suraj Estate Developers Limited,SURAJEST,2023-12-26,1482.0,334.0,46.2,0.0,0.0,22.2,58.0,5.0,354.0,324.0,2023,12,3,inf,lowCap
926,NACL Industries Limited,NACLIND,2017-04-07,1481.0,74.4,92.1,26.9,0.94,15.2,18.0,1.0,111.0,71.6,2017,4,9,2.7657992565055767,lowCap
927,Monarch Networth Capital Limited,MONARCH,2022-01-06,1477.0,436.0,20.3,82.4,0.23,31.2,22.1,10.0,533.0,186.0,2022,1,4,5.29126213592233,lowCap
928,Monte Carlo Fashions Limited,MONTECARLO,2014-12-19,1465.0,707.0,13.6,355.0,2.84,20.4,18.1,10.0,918.0,530.0,2014,12,12,1.991549295774648,lowCap
929,OM INFRA LIMITED,OMINFRAL,2011-06-17,1463.0,152.0,26.9,74.1,0.33,5.23,0.94,1.0,159.0,29.7,2011,6,15,2.0512820512820515,lowCap
930,Mangalore Chemicals & Fertilizers Limited,MANGCHEFER,2007-10-22,1461.0,123.0,25.1,36.0,1.19,17.1,14.3,10.0,127.0,72.4,2007,10,19,3.4166666666666665,lowCap
931,D. P. Abhushan Limited,DPABHUSHAN,2020-11-03,1457.0,655.0,36.0,62.0,0.15,24.4,34.5,10.0,685.0,222.0,2020,11,6,10.564516129032258,lowCap
932,Everest Kanto Cylinder Limited,EKC,2005-12-15,1452.0,129.0,17.1,93.3,0.54,11.9,9.29,2.0,153.0,66.0,2005,12,21,1.382636655948553,lowCap
933,Peninsula Land Limited,PENINLAND,1995-02-08,1450.0,49.4,20.4,3.04,0.0,26.1,0.0,2.0,56.3,11.0,1995,2,31,16.25,lowCap
934,Kalyani Investment Company Limited,KICL,2011-01-14,1444.0,3303.0,24.0,18086.0,0.0,1.38,1.04,10.0,0.0,0.0,2011,1,15,0.1826274466438129,lowCap
935,Taj GVK Hotels & Resorts Limited,TAJGVK,2000-12-20,1444.0,230.0,20.2,77.5,0.0,22.5,22.5,2.0,289.0,172.0,2000,12,26,2.967741935483871,lowCap
936,Kokuyo Camlin Limited,KOKUYOCMLN,2008-07-28,1436.0,143.0,94.8,24.8,0.34,8.56,6.22,1.0,179.0,66.6,2008,7,18,5.766129032258064,lowCap
937,B. L. Kashyap and Sons Limited,BLKASHYAP,2006-03-17,1432.0,63.5,27.4,20.7,0.0,13.8,9.98,1.0,76.9,26.1,2006,3,20,3.067632850241546,lowCap
938,IG Petrochemicals Limited,IGPL,2007-01-29,1430.0,464.0,13.1,406.0,2.15,21.2,17.2,10.0,590.0,393.0,2007,1,19,1.1428571428571428,lowCap
939,JITF Infralogistics Limited,JITFINFRA,2017-02-27,1425.0,554.0,0.0,-351.0,0.0,9.27,0.0,2.0,717.0,77.5,2017,2,9,-1.5783475783475784,lowCap
940,Syncom Formulations (India) Limited,SYNCOMF,2022-11-18,1424.0,15.2,60.6,2.87,0.0,9.7,8.42,1.0,16.9,4.55,2022,11,4,5.296167247386759,lowCap
941,Hardwyn India Limited,HARDWYN,2022-04-12,1423.0,40.8,123.0,10.8,0.0,0.0,0.0,1.0,57.2,17.3,2022,4,4,3.7777777777777772,lowCap
942,Valiant Organics Limited,VALIANTORG,2021-07-23,1409.0,511.0,22.8,260.0,0.2,14.1,13.0,10.0,635.0,355.0,2021,7,5,1.9653846153846153,lowCap
943,Onward Technologies Limited,ONWARDTEC,2001-03-07,1408.0,626.0,46.7,84.8,0.48,10.4,6.67,10.0,740.0,268.0,2001,3,25,7.382075471698114,lowCap
944,Nelcast Limited,NELCAST,2007-06-27,1406.0,162.0,41.8,56.1,0.24,9.59,6.6,2.0,194.0,85.5,2007,6,19,2.8877005347593583,lowCap
945,Summit Securities Limited,SUMMITSEC,2011-01-28,1404.0,1288.0,25.1,7163.0,0.0,0.98,0.77,10.0,0.0,518.0,2011,1,15,0.179812927544325,lowCap
946,Omaxe Limited,OMAXE,2007-08-09,1399.0,76.5,0.0,38.6,0.0,-15.7,-32.6,10.0,94.9,42.0,2007,8,19,1.9818652849740932,lowCap
947,Alicon Castalloy Limited,ALICON,2006-09-29,1396.0,867.0,28.4,316.0,0.72,12.5,11.0,5.0,0.0,645.0,2006,9,20,2.7436708860759493,lowCap
948,AVT Natural Products Limited,AVTNPL,2007-01-10,1394.0,91.5,29.4,28.9,1.06,25.0,19.0,1.0,111.0,73.7,2007,1,19,3.166089965397924,lowCap
949,Ksolves India Limited,KSOLVES,2022-09-23,1393.0,1175.0,47.5,24.2,2.02,170.0,127.0,10.0,0.0,401.0,2022,9,4,48.553719008264466,lowCap
950,Shree Digvijay Cement Co.Ltd,SHREDIGCEM,2020-01-28,1384.0,94.3,23.4,21.5,4.23,22.8,18.2,10.0,101.0,57.3,2020,1,6,4.386046511627907,lowCap
951,EIH Associated Hotels Limited,EIHAHOTELS,2008-04-08,1377.0,452.0,119.0,33.8,1.11,13.2,11.5,10.0,617.0,365.0,2008,4,18,13.372781065088759,lowCap
952,Heubach Colorants India Limited,HEUBACHIND,1995-06-14,1376.0,596.0,11.7,182.0,0.0,36.2,27.7,10.0,654.0,258.0,1995,6,31,3.2747252747252746,lowCap
953,Antony Waste Handling Cell Limited,AWHCL,2021-01-01,1374.0,484.0,20.4,188.0,0.0,15.5,15.2,5.0,533.0,239.0,2021,1,5,2.574468085106383,lowCap
954,Manali Petrochemicals Limited,MANALIPETC,2006-12-06,1372.0,79.8,77.6,61.0,0.94,7.54,4.89,5.0,84.7,56.7,2006,12,20,1.3081967213114754,lowCap
955,Agarwal Industrial Corporation Limited,AGARIND,2014-05-26,1370.0,916.0,14.1,297.0,0.26,23.6,26.2,10.0,0.0,531.0,2014,5,12,3.0841750841750843,lowCap
956,Coffee Day Enterprises Limited,COFFEEDAY,2015-11-02,1366.0,64.6,0.0,146.0,0.0,-6.3,-12.5,10.0,68.0,26.4,2015,11,11,0.4424657534246575,lowCap
957,Indo Rama Synthetics (India) Limited,INDORAMA,2003-06-20,1359.0,52.1,0.0,19.5,0.0,3.08,-3.79,10.0,61.6,36.3,2003,6,23,2.671794871794872,lowCap
958,Oriental Aromatics Limited,OAL,2019-07-11,1358.0,404.0,999.0,184.0,0.13,5.06,3.21,5.0,503.0,295.0,2019,7,7,2.1956521739130435,lowCap
959,DCM Shriram Industries Limited,DCMSRIND,2021-12-24,1350.0,155.0,14.9,87.7,0.64,10.0,8.61,2.0,172.0,58.9,2021,12,5,1.767388825541619,lowCap
960,Texmaco Infrastructure & Holdings Limited,TEXINFRA,2004-09-09,1344.0,106.0,529.0,94.9,0.14,0.71,0.47,1.0,119.0,47.1,2004,9,22,1.1169652265542676,lowCap
961,Roto Pumps Limited,ROTO,2022-04-21,1335.0,425.0,33.0,56.2,0.73,25.8,22.4,2.0,449.0,223.0,2022,4,4,7.562277580071174,lowCap
962,Refex Industries Limited,REFEX,2009-12-03,1334.0,603.0,11.5,159.0,0.34,0.0,0.0,10.0,924.0,220.0,2009,12,17,3.792452830188679,lowCap
963,NGL Fine-Chem Limited,NGLFINE,2022-07-08,1333.0,2157.0,38.3,391.0,0.08,12.0,9.63,5.0,0.0,0.0,2022,7,4,5.516624040920716,lowCap
964,Solara Active Pharma Sciences Limited,SOLARA,2018-06-27,1322.0,367.0,0.0,407.0,0.0,1.8,-1.44,10.0,450.0,286.0,2018,6,8,0.9017199017199017,lowCap
965,Gulshan Polyols Limited,GULPOLY,2015-01-28,1316.0,211.0,40.2,92.8,0.24,8.61,7.78,1.0,275.0,159.0,2015,1,11,2.273706896551724,lowCap
966,Marine Electricals (India) Limited,MARINE,2020-12-02,1316.0,102.0,68.4,17.4,0.0,13.9,8.64,2.0,103.0,31.0,2020,12,6,5.862068965517242,lowCap
967,Sastasundar Ventures Limited,SASTASUNDR,2010-10-05,1310.0,412.0,0.0,235.0,0.0,-10.9,-8.57,10.0,507.0,190.0,2010,10,16,1.7531914893617022,lowCap
968,Bliss GVS Pharma Limited,BLISSGVS,2010-07-26,1309.0,125.0,14.9,89.1,0.4,11.8,8.3,1.0,150.0,69.2,2010,7,16,1.4029180695847363,lowCap
969,Rane (Madras) Limited,RML,2005-08-30,1309.0,805.0,8.9,157.0,0.0,12.2,14.8,10.0,990.0,386.0,2005,8,21,5.127388535031847,lowCap
970,Ram Ratna Wires Limited,RAMRAT,2022-07-29,1305.0,297.0,26.0,87.2,0.85,17.0,15.2,5.0,346.0,148.0,2022,7,4,3.4059633027522933,lowCap
971,Sat Industries Limited,SATINDLTD,2022-11-21,1290.0,114.0,4.99,55.9,0.17,17.3,17.2,2.0,146.0,54.9,2022,11,4,2.039355992844365,lowCap
972,Sterling Tools Limited,STERTOOLS,2006-02-02,1288.0,358.0,26.3,116.0,0.54,13.3,11.8,2.0,457.0,252.0,2006,2,20,3.086206896551724,lowCap
973,TV Today Network Limited,TVTODAY,2004-01-16,1283.0,215.0,23.6,138.0,1.39,13.0,9.54,5.0,315.0,170.0,2004,1,22,1.5579710144927537,lowCap
974,India Motor Parts and Accessories Limited,IMPAL,2005-10-07,1272.0,1019.0,16.5,1392.0,2.37,6.23,5.02,10.0,0.0,514.0,2005,10,21,0.7320402298850575,lowCap
975,Allcargo Terminals Limited,ATL,2023-08-10,1268.0,51.6,22.0,8.73,0.97,28.3,55.0,2.0,57.0,31.3,2023,8,3,5.9106529209622,lowCap
976,Repro India Limited,REPRO,2005-12-22,1259.0,880.0,95.9,266.0,0.0,5.43,3.24,10.0,980.0,337.0,2005,12,21,3.308270676691729,lowCap
977,Matrimony.Com Limited,MATRIMONY,2017-09-21,1252.0,562.0,25.2,121.0,0.89,16.0,15.0,5.0,723.0,498.0,2017,9,9,4.644628099173554,lowCap
978,Hester Biosciences Limited,HESTERBIO,2015-03-13,1242.0,1461.0,48.5,331.0,0.55,9.35,9.86,10.0,0.0,0.0,2015,3,11,4.413897280966768,lowCap
979,Zota Health Care LImited,ZOTA,2019-08-19,1233.0,477.0,0.0,39.5,0.21,-2.32,-7.42,10.0,533.0,270.0,2019,8,7,12.075949367088608,lowCap
980,STEEL EXCHANGE INDIA LIMITED,STEELXIND,2017-07-20,1228.0,10.4,317.0,0.0,0.0,0.0,0.0,1.0,17.2,7.8,2017,7,9,inf,lowCap
981,Lincoln Pharmaceuticals Limited,LINCOLN,2015-12-17,1223.0,611.0,15.1,273.0,0.24,21.7,15.5,10.0,705.0,300.0,2015,12,11,2.238095238095238,lowCap
982,India Nippon Electricals Limited,INDNIPPON,1997-05-07,1218.0,538.0,22.3,259.0,1.71,11.3,9.05,5.0,575.0,325.0,1997,5,29,2.077220077220077,lowCap
983,Xchanging Solutions Limited,XCHANGING,2005-03-09,1214.0,109.0,53.2,46.0,13.8,9.23,6.96,10.0,126.0,51.6,2005,3,21,2.369565217391304,lowCap
984,Jyoti Structures Limited,JYOTISTRUC,1995-07-19,1199.0,18.9,87.4,0.07,0.0,-0.2,-4.59,2.0,20.9,5.15,1995,7,31,269.99999999999994,lowCap
985,Rico Auto Industries Limited,RICOAUTO,2003-05-12,1185.0,87.6,24.3,51.4,0.87,9.5,7.36,1.0,112.0,63.0,2003,5,23,1.7042801556420233,lowCap
986,Centrum Capital Limited,CENTRUM,2018-04-04,1175.0,28.2,0.0,12.1,0.0,6.0,-23.6,1.0,33.2,16.8,2018,4,8,2.3305785123966944,lowCap
987,Bigbloc Construction Limited,BIGBLOC,2016-09-02,1171.0,165.0,43.9,12.4,0.25,35.7,49.9,2.0,190.0,117.0,2016,9,10,13.306451612903226,lowCap
988,Kopran Limited,KOPRAN,1999-06-09,1166.0,242.0,37.0,91.6,1.24,8.3,6.29,10.0,286.0,96.0,1999,6,27,2.641921397379913,lowCap
989,OnMobile Global Limited,ONMOBILE,2008-02-19,1164.0,110.0,45.8,61.9,0.0,1.94,1.2,10.0,128.0,55.6,2008,2,18,1.7770597738287561,lowCap
990,GIC Housing Finance Limited,GICHSGFIN,1996-05-08,1158.0,215.0,6.42,323.0,2.08,8.69,13.1,10.0,248.0,144.0,1996,5,30,0.6656346749226006,lowCap
991,Focus Lighting and Fixtures Limited,FOCUS,2021-11-24,1158.0,175.0,34.0,16.3,0.17,46.3,36.2,2.0,194.0,59.3,2021,11,5,10.736196319018404,lowCap
992,Tourism Finance Corporation of India Limited,TFCILTD,2000-07-26,1151.0,127.0,13.5,108.0,1.89,10.4,9.87,10.0,143.0,66.8,2000,7,26,1.1759259259259258,lowCap
993,Excel Industries Limited,EXCELINDUS,2004-06-16,1148.0,913.0,40.3,1105.0,1.23,9.13,6.71,5.0,0.0,752.0,2004,6,22,0.8262443438914027,lowCap
994,D-Link (India) Limited,DLINKINDIA,2009-12-18,1144.0,322.0,12.4,109.0,1.55,32.9,24.7,2.0,365.0,192.0,2009,12,17,2.9541284403669725,lowCap
995,GRM Overseas Limited,GRMOVER,2022-09-07,1137.0,189.0,20.7,49.8,0.24,17.4,26.2,2.0,437.0,159.0,2022,9,4,3.7951807228915664,lowCap
996,Shivalik Rasayan Limited,SHIVALIK,2021-12-09,1136.0,730.0,80.5,238.0,0.07,8.3,6.56,5.0,893.0,604.0,2021,12,5,3.0672268907563027,lowCap
997,Jay Bharat Maruti Limited,JAYBARMARU,1996-01-03,1134.0,105.0,32.1,47.8,0.66,11.2,7.67,2.0,138.0,50.0,1996,1,30,2.196652719665272,lowCap
998,Hercules Hoists Limited,HERCULES,2008-02-19,1122.0,351.0,39.3,253.0,0.57,0.0,0.0,1.0,388.0,170.0,2008,2,18,1.3873517786561265,lowCap
999,Transindia Real Estate Limited,TREL,2023-08-10,1122.0,45.7,32.2,42.8,0.0,10.9,7.18,2.0,51.4,27.4,2023,8,3,1.0677570093457944,lowCap
1000,Arihant Superstructures Limited,ARIHANTSUP,2017-03-28,1118.0,272.0,21.6,56.8,0.19,14.4,22.0,10.0,290.0,158.0,2017,3,9,4.788732394366197,lowCap
1001,AGS Transact Technologies Limited,AGSTRA,2022-01-31,1114.0,91.2,0.0,39.3,0.0,12.2,7.6,10.0,102.0,44.0,2022,1,4,2.320610687022901,lowCap
1002,Kamdhenu Ventures Limited,KAMOPAINTS,2023-01-24,1104.0,176.0,0.0,21.2,0.0,-6.95,-28.0,5.0,203.0,62.8,2023,1,3,8.30188679245283,lowCap
1003,Dhunseri Ventures Limited,DVL,2008-01-11,1103.0,315.0,4.14,808.0,1.59,28.0,23.1,10.0,377.0,211.0,2008,1,18,0.38985148514851486,lowCap
1004,Dolat Algotech Limited,DOLATALGO,2019-08-19,1103.0,62.7,13.2,39.0,0.41,25.5,19.9,1.0,71.9,39.2,2019,8,7,1.6076923076923078,lowCap
1005,Sky Gold Limited,SKYGOLD,2023-01-06,1102.0,1026.0,36.3,106.0,0.2,17.5,21.3,10.0,0.0,206.0,2023,1,3,9.679245283018869,lowCap
1006,Likhitha Infrastructure Limited,LIKHITHA,2020-10-15,1101.0,279.0,17.2,70.1,0.54,37.0,26.9,5.0,343.0,211.0,2020,10,6,3.980028530670471,lowCap
1007,Ganesh Benzoplast Limited,GANESHBE,2021-09-16,1096.0,161.0,18.1,60.3,0.0,22.1,18.0,1.0,184.0,132.0,2021,9,5,2.669983416252073,lowCap
1008,GFL Limited,GFLLIMITED,1995-05-25,1082.0,98.5,0.0,238.0,0.0,-0.97,-2.06,1.0,118.0,45.4,1995,5,31,0.41386554621848737,lowCap
1009,InfoBeans Technologies Limited,INFOBEAN,2019-07-15,1074.0,442.0,49.4,115.0,0.23,19.1,14.3,10.0,577.0,380.0,2019,7,7,3.8434782608695652,lowCap
1010,Faze Three Limited,FAZE3Q,2022-11-18,1071.0,440.0,19.7,148.0,0.11,19.4,19.0,10.0,540.0,251.0,2022,11,4,2.972972972972973,lowCap
1011,SMC Global Securities Limited,SMCGLOBAL,2021-02-24,1068.0,102.0,8.67,94.6,2.36,15.2,12.9,2.0,114.0,61.0,2021,2,5,1.0782241014799154,lowCap
1012,Consolidated Finvest & Holdings Limited,CONSOFINVT,2005-03-29,1065.0,329.0,2.47,487.0,0.0,34.5,33.6,10.0,347.0,93.6,2005,3,21,0.675564681724846,lowCap
1013,Creative Newtech Limited,CREATIVE,2019-08-05,1052.0,748.0,34.5,122.0,0.07,23.8,24.8,10.0,848.0,358.0,2019,8,7,6.131147540983607,lowCap
1014,Asian Energy Services Limited,ASIANENE,2021-12-09,1048.0,273.0,0.0,59.8,0.0,-15.3,-17.4,10.0,297.0,51.5,2021,12,5,4.565217391304348,lowCap
1015,Bodal Chemicals Limited,BODALCHEM,2011-08-22,1045.0,83.1,120.0,85.3,0.12,5.08,3.5,2.0,94.4,55.0,2011,8,15,0.9742086752637749,lowCap
1016,Panacea Biotec Limited,PANACEABIO,1996-04-17,1039.0,170.0,0.0,138.0,0.0,-10.3,-10.9,1.0,182.0,107.0,1996,4,30,1.2318840579710144,lowCap
1017,V2 Retail Limited,V2RETAIL,2007-07-04,1036.0,299.0,482.0,71.6,0.0,3.77,-5.1,10.0,322.0,67.0,2007,7,19,4.175977653631286,lowCap
1018,Ramco Systems Limited,RAMCOSYS,2000-04-12,1036.0,293.0,0.0,101.0,0.0,-32.6,-37.1,10.0,337.0,188.0,2000,4,26,2.900990099009901,lowCap
1019,Suratwwala Business Group Limited,SBGLP,2023-02-10,1022.0,589.0,0.0,20.4,0.0,76.0,0.0,10.0,600.0,165.0,2023,2,3,28.872549019607845,lowCap
1020,RSWM Limited,RSWM,1995-02-15,1021.0,217.0,117.0,274.0,2.34,8.16,8.3,10.0,225.0,144.0,1995,2,31,0.791970802919708,lowCap
1021,NCL Industries Limited,NCLIND,2007-04-03,1018.0,225.0,13.7,179.0,1.35,11.0,5.83,10.0,247.0,155.0,2007,4,19,1.2569832402234637,lowCap
1022,Vardhman Holdings Limited,VHL,2005-06-30,1018.0,3190.0,5.69,10060.0,0.16,7.66,7.77,10.0,0.0,0.0,2005,6,21,0.31709741550695825,lowCap
1023,Ndr Auto Components Limited,NDRAUTO,2020-07-30,1017.0,855.0,29.7,196.0,0.29,16.6,14.1,10.0,875.0,259.0,2020,7,6,4.362244897959184,lowCap
1024,Kamdhenu Limited,KAMDHENU,2006-05-09,1015.0,377.0,33.4,81.1,0.42,16.9,14.7,10.0,442.0,260.0,2006,5,20,4.648581997533909,lowCap
1025,SMS Pharmaceuticals Limited,SMSPHARMA,2007-02-28,1009.0,119.0,32.5,56.6,0.25,3.78,-1.51,1.0,140.0,54.5,2007,2,19,2.1024734982332154,lowCap
1026,Dhampur Bio Organics Limited,DBOL,2022-09-08,1000.0,151.0,9.28,148.0,2.33,10.0,11.9,10.0,210.0,115.0,2022,9,4,1.0202702702702702,lowCap
1027,Renaissance Global Limited,RGL,2007-12-12,999.0,104.0,13.9,112.0,0.0,9.02,9.06,2.0,132.0,80.0,2007,12,19,0.9285714285714286,lowCap
1028,SKM Egg Products Export (India) Limited,SKMEGGPROD,1997-03-14,995.0,378.0,8.27,95.6,0.66,46.4,48.2,10.0,560.0,122.0,1997,3,29,3.9539748953974896,lowCap
1029,Allsec Technologies Limited,ALLSEC,2005-05-09,991.0,650.0,19.3,170.0,4.6,24.9,21.3,10.0,701.0,420.0,2005,5,21,3.823529411764706,lowCap
1030,Ice Make Refrigeration Limited,ICEMAKE,2020-10-12,986.0,625.0,43.0,55.8,0.29,36.9,29.1,10.0,747.0,242.0,2020,10,6,11.200716845878137,lowCap
1031,One Point One Solutions Limited,ONEPOINT,2019-05-09,982.0,50.2,70.9,3.89,0.0,16.9,17.3,2.0,56.8,14.9,2019,5,7,12.904884318766067,lowCap
1032,GPT Infraprojects Limited,GPTINFRA,2016-07-11,977.0,168.0,22.8,50.4,1.48,14.2,11.1,10.0,168.0,42.6,2016,7,10,3.3333333333333335,lowCap
1033,Spencer's Retail Limited,SPENCERS,2019-01-25,969.0,108.0,0.0,-31.7,0.0,-8.23,0.0,5.0,125.0,51.4,2019,1,7,-3.406940063091483,lowCap
1034,Kellton Tech Solutions Limited,KELLTONTEC,2016-03-02,967.0,100.0,18.0,42.1,0.0,14.3,16.5,5.0,109.0,40.5,2016,3,10,2.375296912114014,lowCap
1035,Sree Rayalaseema Hi-Strength Hypo Limited,SRHHYPOLTD,2007-05-08,960.0,559.0,7.01,479.0,0.7,26.4,21.5,10.0,815.0,375.0,2007,5,19,1.1670146137787056,lowCap
1036,Asian Granito India Limited,ASIANTILES,2007-08-23,958.0,75.6,0.0,101.0,0.0,-6.43,-6.68,10.0,86.1,34.0,2007,8,19,0.7485148514851485,lowCap
1037,MSP Steel & Power Limited,MSPL,2005-07-18,952.0,24.7,51.2,14.7,0.0,1.4,-9.04,10.0,25.7,7.45,2005,7,21,1.6802721088435375,lowCap
1038,Sutlej Textiles and Industries Limited,SUTLEJTEX,2006-12-14,950.0,58.0,0.0,61.9,1.71,7.54,5.03,1.0,70.0,38.0,2006,12,20,0.9369951534733442,lowCap
1039,Century Enka Limited,CENTENKA,1995-05-10,948.0,434.0,22.4,605.0,2.31,0.0,0.0,10.0,484.0,340.0,1995,5,31,0.7173553719008264,lowCap
1040,Zee Media Corporation Limited,ZEEMEDIA,2007-01-10,946.0,15.1,0.0,5.29,0.0,-1.91,-10.6,1.0,18.3,7.35,2007,1,19,2.8544423440453683,lowCap
1041,Kernex Microsystems (India) Limited,KERNEX,2005-12-20,934.0,571.0,0.0,49.6,0.0,-23.2,-30.4,10.0,707.0,215.0,2005,12,21,11.512096774193548,lowCap
1042,Eimco Elecon (India) Limited,EIMCOELECO,1996-04-17,926.0,1605.0,30.0,631.0,0.31,7.51,5.72,10.0,0.0,333.0,1996,4,30,2.543581616481775,lowCap
1043,The Ugar Sugar Works Limited,UGARSUGAR,2010-08-23,924.0,82.1,13.5,15.4,0.62,27.3,60.2,1.0,136.0,77.2,2010,8,16,5.331168831168831,lowCap
1044,Orient Paper & Industries Limited,ORIENTPPR,1995-03-29,915.0,43.1,5.76,38.8,2.34,22.2,22.1,1.0,59.8,34.4,1995,3,31,1.1108247422680413,lowCap
1045,Speciality Restaurants Limited,SPECIALITY,2012-05-30,913.0,190.0,11.0,59.6,1.31,17.6,38.5,10.0,283.0,168.0,2012,5,14,3.187919463087248,lowCap
1046,Tamilnadu PetroProducts Limited,TNPETRO,1999-10-27,911.0,101.0,12.9,93.6,1.47,15.1,11.8,10.0,108.0,68.4,1999,10,27,1.0790598290598292,lowCap
1047,Yuken India Limited,YUKEN,2021-09-02,911.0,701.0,123.0,206.0,0.11,7.5,4.15,10.0,824.0,446.0,2021,9,5,3.4029126213592233,lowCap
1048,Amines & Plasticizers Limited,AMNPLST,2023-11-10,909.0,165.0,29.8,35.8,0.3,16.1,13.3,2.0,180.0,68.0,2023,11,3,4.608938547486034,lowCap
1049,Jubilant Industries Limited,JUBLINDS,2011-02-14,904.0,600.0,19.5,155.0,0.0,27.3,36.2,10.0,746.0,356.0,2011,2,15,3.870967741935484,lowCap
1050,Vimta Labs Limited,VIMTALABS,2005-12-15,901.0,407.0,21.8,134.0,0.49,24.6,18.6,2.0,623.0,289.0,2005,12,21,3.037313432835821,lowCap
1051,Indo Amines Limited,INDOAMIN,2022-04-29,896.0,127.0,17.4,34.9,0.4,17.4,19.6,5.0,140.0,69.0,2022,4,4,3.6389684813753584,lowCap
1052,Windlas Biotech Limited,WINDLAS,2021-08-16,896.0,431.0,19.1,200.0,0.93,14.1,10.5,5.0,467.0,221.0,2021,8,5,2.155,lowCap
1053,Associated Alcohols & Breweries Ltd.,ASALCBR,2020-02-12,890.0,492.0,108.0,37.4,0.21,17.4,17.5,10.0,516.0,311.0,2020,2,6,13.155080213903744,lowCap
1054,Kothari Petrochemicals Limited,KOTHARIPET,1996-11-02,886.0,150.0,93.5,11.6,0.82,18.0,14.2,10.0,170.0,54.4,1996,11,30,12.931034482758621,lowCap
1055,GKW Limited,GKWLIMITED,2009-07-20,884.0,1480.0,240.0,176.0,0.0,4.86,3.56,10.0,0.0,485.0,2009,7,17,8.409090909090908,lowCap
1056,Munjal Auto Industries Limited,MUNJALAU,2006-07-19,872.0,87.2,34.5,38.8,2.3,8.71,5.96,2.0,92.0,35.6,2006,7,20,2.2474226804123716,lowCap
1057,Silver Touch Technologies Limited,SILVERTUC,2022-05-12,871.0,687.0,76.8,79.0,0.07,15.5,10.8,10.0,725.0,310.0,2022,5,4,8.69620253164557,lowCap
1058,Royal Orchid Hotels Limited,ROHLTD,2006-02-06,869.0,317.0,19.9,66.9,0.62,24.5,31.6,10.0,385.0,219.0,2006,2,20,4.738415545590433,lowCap
1059,Entertainment Network (India) Limited,ENIL,2006-02-15,868.0,182.0,95.8,156.0,0.55,0.58,-1.38,10.0,213.0,110.0,2006,2,20,1.1666666666666667,lowCap
1060,TruCap Finance Limited,TRU,2023-06-20,868.0,74.2,296.0,19.3,0.01,9.65,0.34,2.0,79.0,37.2,2023,6,3,3.844559585492228,lowCap
1061,Foods & Inns Limited,FOODSIN,2021-11-16,867.0,162.0,17.2,66.6,0.16,17.8,19.6,1.0,222.0,111.0,2021,11,5,2.4324324324324325,lowCap
1062,Manaksia Limited,MANAKSIA,2008-01-08,863.0,132.0,7.31,119.0,4.57,16.0,9.25,2.0,194.0,73.5,2008,1,18,1.1092436974789917,lowCap
1063,PAKKA LIMITED,PAKKA,2023-07-11,862.0,220.0,16.8,61.7,1.07,27.2,25.0,10.0,316.0,88.0,2023,7,3,3.565640194489465,lowCap
1064,Cheviot Company Limited,CHEVIOT,2022-06-20,856.0,1423.0,80.5,0.0,1.9,0.0,0.0,10.0,0.0,960.0,2022,6,4,inf,lowCap
1065,Tribhovandas Bhimji Zaveri Limited,TBZ,2012-05-09,856.0,128.0,16.2,85.1,1.37,9.3,7.39,10.0,145.0,58.2,2012,5,14,1.5041128084606346,lowCap
1066,Hexa Tradex Limited,HEXATRADEX,2012-04-20,856.0,155.0,15.6,566.0,0.0,-0.23,-1.11,2.0,171.0,138.0,2012,4,14,0.27385159010600707,lowCap
1067,Sakar Healthcare Limited,SAKAR,2019-04-11,852.0,399.0,59.1,111.0,0.0,8.97,8.55,10.0,428.0,191.0,2019,4,7,3.5945945945945947,lowCap
1068,The Hi-Tech Gears Limited,HITECHGEAR,2002-01-21,850.0,453.0,24.3,232.0,0.56,8.13,6.55,10.0,519.0,226.0,2002,1,24,1.9525862068965518,lowCap
1069,The Sandesh Limited,SANDESH,2002-11-26,849.0,1121.0,8.23,1467.0,0.44,12.8,9.67,10.0,0.0,782.0,2002,11,24,0.7641445126107703,lowCap
1070,Birla Cable Limited,BIRLACABLE,1995-12-06,843.0,281.0,22.4,82.4,0.88,0.0,0.0,10.0,433.0,119.0,1995,12,31,3.4101941747572813,lowCap
1071,3i Infotech Limited,IINFOLTD,2021-10-22,839.0,49.7,0.0,25.2,0.0,2.59,0.45,10.0,51.0,25.9,2021,10,5,1.9722222222222223,lowCap
1072,The State Trading Corporation of India Limited,STCINDIA,2003-04-01,834.0,139.0,23.8,-780.0,0.0,0.0,0.0,10.0,178.0,62.0,2003,4,23,-0.1782051282051282,lowCap
1073,Diamond Power Infrastructure Limited,DIACABS,2023-09-15,828.0,157.0,0.0,20.1,0.0,-28.7,-144.0,10.0,157.0,22.1,2023,9,3,7.81094527363184,lowCap
1074,Oriental Carbon & Chemicals Limited,OCCL,2016-01-27,821.0,822.0,16.6,622.0,1.69,10.8,8.46,10.0,910.0,650.0,2016,1,10,1.3215434083601285,lowCap
1075,Brand Concepts Limited,BCONCEPTS,2022-01-11,816.0,771.0,70.7,48.2,0.13,32.1,42.0,10.0,850.0,186.0,2022,1,4,15.995850622406637,lowCap
1076,Crest Ventures Limited,CREST,2006-12-27,814.0,286.0,13.7,370.0,0.36,58.6,50.5,10.0,330.0,142.0,2006,12,20,0.772972972972973,lowCap
1077,DMCC SPECIALITY CHEMICALS LIMITED,DMCC,2021-12-01,807.0,324.0,89.3,81.7,0.0,6.81,3.14,10.0,371.0,228.0,2021,12,5,3.9657282741738067,lowCap
1078,Swelect Energy Systems Limited,SWELECTES,2006-05-09,796.0,525.0,35.3,534.0,0.23,4.41,0.21,10.0,688.0,263.0,2006,5,20,0.9831460674157303,lowCap
1079,Nagarjuna Fertilizers and Chemicals Limited,NAGAFERT,2016-06-15,795.0,13.3,0.0,-50.2,0.0,-56.6,0.0,1.0,13.7,7.81,2016,6,10,-0.2649402390438247,lowCap
1080,Mold-Tek Technologies Limited,MOLDTECH,2016-07-07,794.0,280.0,23.6,38.6,1.23,41.7,33.2,2.0,399.0,120.0,2016,7,10,7.253886010362694,lowCap
1081,Dynacons Systems & Solutions Limited,DSSL,2011-12-01,787.0,620.0,17.0,103.0,0.08,36.5,39.0,10.0,849.0,283.0,2011,12,15,6.019417475728155,lowCap
1082,Zuari Agro Chemicals Limited,ZUARI,2012-11-27,785.0,187.0,2.13,379.0,0.0,10.2,12.8,10.0,198.0,116.0,2012,11,14,0.49340369393139843,lowCap
1083,Sukhjit Starch & Chemicals Limited,SUKHJITS,2022-11-07,775.0,496.0,15.4,312.0,1.62,15.2,14.3,10.0,540.0,360.0,2022,11,4,1.5897435897435896,lowCap
1084,Urja Global Limited,URJA,2017-03-28,771.0,14.7,360.0,3.3,0.0,1.55,0.89,1.0,16.8,6.0,2017,3,9,4.454545454545454,lowCap
1085,The Ruby Mills Limited,RUBYMILLS,1995-03-29,765.0,229.0,0.0,0.0,0.55,0.0,0.0,5.0,272.0,137.0,1995,3,31,inf,lowCap
1086,Maan Aluminium Limited,MAANALU,2007-10-22,765.0,141.0,0.0,4.81,0.54,0.0,0.0,5.0,151.0,35.5,2007,10,19,29.313929313929318,lowCap
1087,Menon Bearings Limited,MENONBE,2015-03-09,761.0,136.0,25.3,23.9,1.64,0.0,0.0,1.0,166.0,90.5,2015,3,11,5.6903765690376575,lowCap
1088,Balaji Telefilms Limited,BALAJITELE,2000-11-22,759.0,75.1,27.4,42.2,0.0,-5.1,-10.9,2.0,86.4,35.0,2000,11,26,1.7796208530805684,lowCap
1089,Allied Digital Services Limited,ADSL,2007-07-25,756.0,137.0,15.5,101.0,0.92,12.8,10.1,5.0,157.0,71.5,2007,7,19,1.3564356435643565,lowCap
1090,Valiant Laboratories Limited,VALIANTLAB,2023-10-06,751.0,173.0,25.9,0.0,0.0,0.0,0.0,10.0,207.0,161.0,2023,10,3,inf,lowCap
1091,Visaka Industries Limited,VISAKAIND,1996-08-28,751.0,86.9,44.8,88.0,2.29,9.81,7.62,2.0,100.0,64.4,1996,8,30,0.9875,lowCap
1092,Jayant Agro Organics Limited,JAYAGROGN,1996-04-17,747.0,249.0,16.7,173.0,2.0,13.2,10.1,5.0,272.0,141.0,1996,4,30,1.439306358381503,lowCap
1093,Indo Borax & Chemicals Limited,INDOBORAX,2022-03-29,738.0,230.0,16.2,84.8,0.45,28.7,21.0,1.0,235.0,96.4,2022,3,4,2.7122641509433962,lowCap
1094,Ester Industries Limited,ESTER,2011-06-20,737.0,88.4,0.0,82.4,0.57,4.29,20.1,5.0,136.0,80.2,2011,6,15,1.0728155339805825,lowCap
1095,Medicamen Biotech Limited,MEDICAMEQ,2021-10-27,736.0,582.0,56.9,158.0,0.17,10.4,8.67,10.0,904.0,501.0,2021,10,5,3.6835443037974684,lowCap
1096,Elin Electronics Limited,ELIN,2022-12-30,735.0,148.0,53.0,100.0,0.67,9.9,6.66,5.0,245.0,116.0,2022,12,4,1.48,lowCap
1097,Nectar Lifesciences Limited,NECLIFE,2005-07-18,727.0,32.4,0.0,47.6,0.0,-0.18,-6.01,1.0,35.4,14.4,2005,7,21,0.6806722689075629,lowCap
1098,Kirloskar Electric Company Limited,KECL,2010-03-09,725.0,109.0,33.8,14.9,0.0,21.1,29.0,10.0,141.0,61.9,2010,3,16,7.315436241610738,lowCap
1099,Arihant Capital Markets Limited,ARIHANTCAP,2021-06-15,725.0,69.6,20.5,26.8,0.58,15.9,11.9,1.0,81.5,33.0,2021,6,5,2.597014925373134,lowCap
1100,SEMAC CONSULTANTS LIMITED,SEMAC,2005-08-11,721.0,2349.0,133.0,358.0,0.21,24.6,16.8,10.0,0.0,0.0,2005,8,21,6.56145251396648,lowCap
1101,Shree Pushkar Chemicals & Fertilisers Limited,SHREEPUSHK,2015-09-10,721.0,228.0,21.1,144.0,0.65,11.6,8.91,10.0,242.0,140.0,2015,9,11,1.5833333333333333,lowCap
1102,Eldeco Housing And Industries Limited,ELDEHSG,2022-04-12,717.0,729.0,18.2,365.0,1.09,18.8,13.6,2.0,868.0,517.0,2022,4,4,1.9972602739726026,lowCap
1103,Dhunseri Investments Limited,DHUNINV,2011-03-18,716.0,1175.0,5.17,4040.0,0.21,23.3,13.9,10.0,0.0,555.0,2011,3,15,0.2908415841584158,lowCap
1104,Vikas Lifecare Limited,VIKASLIFE,2019-05-08,713.0,4.96,0.0,2.45,0.0,-6.65,-5.93,1.0,7.05,2.66,2019,5,7,2.024489795918367,lowCap
1105,FCS Software Solutions Limited,FCSSOFT,2005-09-21,713.0,4.17,394.0,2.09,0.0,0.96,0.35,1.0,5.05,1.84,2005,9,21,1.9952153110047848,lowCap
1106,Max India Limited,MAXIND,2020-08-28,706.0,164.0,0.0,123.0,0.0,0.53,-1.81,10.0,195.0,76.0,2020,8,6,1.3333333333333333,lowCap
1107,Bhageria Industries Limited,BHAGERIA,2016-03-02,705.0,162.0,55.7,116.0,0.62,3.99,2.65,5.0,183.0,112.0,2016,3,10,1.396551724137931,lowCap
1108,VLS Finance Limited,VLSFINANCE,1995-05-25,704.0,202.0,3.55,830.0,0.72,2.13,2.05,10.0,233.0,135.0,1995,5,31,0.2433734939759036,lowCap
1109,Salzer Electronics Limited,SALZERELEC,2015-12-02,703.0,405.0,17.7,259.0,0.55,12.5,10.2,10.0,439.0,236.0,2015,12,11,1.5637065637065637,lowCap
1110,Chembond Chemicals Ltd,CHEMBOND,2019-11-20,699.0,519.0,16.4,255.0,0.57,10.9,7.89,5.0,588.0,230.0,2019,11,7,2.0352941176470587,lowCap
1111,BGR Energy Systems Limited,BGRENERGY,2008-01-03,694.0,96.1,0.0,-14.7,0.0,-11.4,-145.0,10.0,119.0,44.2,2008,1,18,-6.537414965986394,lowCap
1112,Oswal Greentech Limited,OSWALGREEN,1996-08-28,682.0,26.5,16.2,88.3,5.65,3.11,1.87,10.0,30.2,16.8,1996,8,30,0.30011325028312574,lowCap
1113,Mallcom (India) Limited,MALLCOM,2022-02-02,681.0,1092.0,17.9,352.0,0.26,20.5,19.9,10.0,0.0,658.0,2022,2,4,3.102272727272727,lowCap
1114,Hindustan Media Ventures Limited,HMVL,2010-07-21,672.0,91.3,58.8,200.0,0.0,-2.59,-2.67,10.0,98.0,41.0,2010,7,16,0.45649999999999996,lowCap
1115,TVS Electronics Limited,TVSELECT,2003-12-26,669.0,359.0,75.8,46.7,0.55,18.6,10.4,10.0,448.0,280.0,2003,12,23,7.687366167023554,lowCap
1116,Hindustan Composites Limited,HINDCOMPOS,1996-05-08,669.0,453.0,19.2,641.0,0.45,3.53,2.96,5.0,494.0,237.0,1996,5,30,0.7067082683307332,lowCap
1117,Ritco Logistics Limited,RITCO,2022-04-12,664.0,271.0,24.0,67.0,0.0,0.0,0.0,10.0,305.0,125.0,2022,4,4,4.044776119402985,lowCap
1118,Arrow Greentech Limited,ARROWGREEN,2015-05-21,661.0,438.0,21.5,73.6,0.22,20.9,14.2,10.0,517.0,161.0,2015,5,11,5.951086956521739,lowCap
1119,Kamat Hotels (I) Limited,KAMATHOTEL,1996-05-29,661.0,268.0,10.1,63.1,0.0,26.1,0.0,10.0,299.0,95.2,1996,5,30,4.247226624405705,lowCap
1120,Aurum PropTech Limited,AURUM,2015-08-19,655.0,129.0,0.0,27.5,0.0,-16.2,-14.9,5.0,149.0,99.8,2015,8,11,4.6909090909090905,lowCap
1121,Jindal Poly Investment and Finance Company Limited,JPOLYINVST,2013-11-11,654.0,623.0,2.13,2334.0,0.0,21.0,11.8,10.0,788.0,384.0,2013,11,13,0.26692373607540704,lowCap
1122,Jet Airways (India) Limited,JETAIRWAYS,2005-03-14,648.0,57.1,0.0,-628.0,0.0,10.4,0.0,10.0,84.0,35.6,2005,3,21,-0.0909235668789809,lowCap
1123,DiGiSPICE Technologies Limited,DIGISPICE,2008-05-27,648.0,27.9,82.5,8.87,0.0,-4.13,-7.0,3.0,47.6,15.7,2008,5,18,3.14543404735062,lowCap
1124,Mirza International Limited,MIRZAINT,1999-04-28,642.0,46.5,41.9,39.6,0.0,7.57,4.59,2.0,74.0,28.6,1999,4,27,1.1742424242424243,lowCap
1125,Essar Shipping Limited,ESSARSHPNG,2011-11-15,641.0,31.0,9.8,-130.0,0.0,0.0,0.0,10.0,39.0,7.53,2011,11,15,-0.23846153846153847,lowCap
1126,SBC Exports Limited,SBC,2021-11-23,640.0,30.2,52.9,2.02,0.16,23.8,22.4,1.0,35.0,14.0,2021,11,5,14.95049504950495,lowCap
1127,GRP Limited,GRPLTD,2015-02-12,639.0,4808.0,47.8,1137.0,0.35,8.97,9.53,10.0,0.0,0.0,2015,2,11,4.228671943711522,lowCap
1128,Vertoz Advertising Limited,VERTOZ,2020-05-14,637.0,463.0,43.2,91.1,0.0,19.0,14.9,10.0,509.0,185.0,2020,5,6,5.082327113062569,lowCap
1129,Khadim India Limited,KHADIM,2017-11-14,636.0,354.0,50.7,127.0,0.0,10.4,7.15,10.0,425.0,175.0,2017,11,9,2.7874015748031495,lowCap
1130,DEEP ENERGY RESOURCES LIMITED,DEEPENR,2010-03-09,633.0,198.0,0.0,125.0,0.0,0.76,0.51,10.0,206.0,82.2,2010,3,16,1.584,lowCap
1131,Global Education Limited,GLOBAL,2020-12-07,626.0,307.0,18.7,39.4,0.97,54.1,40.3,5.0,345.0,136.0,2020,12,6,7.791878172588833,lowCap
1132,20 Microns Limited,MICRONS,2008-10-06,621.0,176.0,12.8,91.1,0.42,19.3,15.3,5.0,201.0,62.8,2008,10,18,1.9319429198682767,lowCap
1133,Shreyas Shipping & Logistics Limited,SHREYAS,1995-03-01,620.0,282.0,21.0,357.0,0.52,18.8,25.4,10.0,506.0,212.0,1995,3,31,0.7899159663865546,lowCap
1134,The Investment Trust Of India Limited,THEINVEST,2017-08-02,619.0,119.0,27.6,124.0,0.0,4.54,1.86,10.0,125.0,63.4,2017,8,9,0.9596774193548387,lowCap
1135,Anjani Portland Cement Limited,APCL,2017-04-10,618.0,210.0,0.0,104.0,0.0,-3.74,-17.9,10.0,232.0,140.0,2017,4,9,2.019230769230769,lowCap
1136,Race Eco Chain Limited,RACE,2023-05-09,616.0,375.0,474.0,13.2,0.0,0.0,0.0,10.0,409.0,170.0,2023,5,3,28.40909090909091,lowCap
1137,ORIENT CERATECH LIMITED,ORIENTCER,2005-12-15,613.0,51.2,36.8,22.7,0.49,7.86,5.6,1.0,64.0,21.8,2005,12,21,2.2555066079295156,lowCap
1138,Hubtown Limited,HUBTOWN,2007-02-07,612.0,80.1,35.7,170.0,0.0,4.67,3.51,10.0,96.0,28.8,2007,2,19,0.47117647058823525,lowCap
1139,Macpower CNC Machines Limited,MACPOWER,2020-08-19,610.0,610.0,0.0,0.0,0.25,0.0,0.0,0.0,677.0,207.0,2020,8,6,inf,lowCap
1140,Jindal Photo Limited,JINDALPHOT,2005-04-07,610.0,595.0,3.52,2011.0,0.0,8.7,8.76,10.0,823.0,263.0,2005,4,21,0.2958727001491795,lowCap
1141,Ind-Swift Laboratories Limited,INDSWFTLAB,1997-07-02,605.0,102.0,0.0,123.0,0.0,13.3,9.59,10.0,123.0,54.0,1997,7,29,0.8292682926829268,lowCap
1142,Aarti Surfactants Limited,AARTISURF,2020-07-14,603.0,749.0,32.4,209.0,0.0,10.6,8.36,10.0,785.0,417.0,2020,7,6,3.583732057416268,lowCap
1143,Mindteck (India) Limited,MINDTECK,2016-08-02,594.0,235.0,24.2,79.9,0.42,14.2,11.3,10.0,280.0,100.0,2016,8,10,2.941176470588235,lowCap
1144,Kanoria Chemicals & Industries Limited,KANORICHEM,1995-02-08,592.0,135.0,0.0,141.0,0.0,1.27,-2.57,5.0,177.0,100.0,1995,2,31,0.9574468085106383,lowCap
1145,Orient Bell Limited,ORIENTBELL,2007-02-14,592.0,408.0,66.8,214.0,0.25,10.4,7.53,10.0,649.0,391.0,2007,2,19,1.9065420560747663,lowCap
1146,Stel Holdings Limited,STEL,2011-02-09,591.0,320.0,45.3,616.0,0.0,2.11,1.58,10.0,347.0,130.0,2011,2,15,0.5194805194805194,lowCap
1147,HT Media Limited,HTMEDIA,2005-09-01,591.0,25.4,0.0,74.3,0.0,-4.03,-12.2,2.0,28.2,14.1,2005,9,21,0.34185733512786004,lowCap
1148,ZUARI INDUSTRIES LIMITED,ZUARIIND,1995-04-12,590.0,198.0,36.0,861.0,0.5,10.7,11.4,10.0,218.0,104.0,1995,4,31,0.22996515679442509,lowCap
1149,Pondy Oxides & Chemicals Limited,POCL,2023-03-06,588.0,506.0,16.3,231.0,0.99,0.0,0.0,10.0,550.0,262.0,2023,3,3,2.1904761904761907,lowCap
1150,Kilitch Drugs (India) Limited,KILITCH,2010-09-29,584.0,363.0,47.0,104.0,0.0,9.88,5.4,10.0,390.0,121.0,2010,9,16,3.4903846153846154,lowCap
1151,Music Broadcast Limited,RADIOCITY,2017-03-17,583.0,16.9,12.4,0.0,0.0,21.7,139.0,2.0,27.8,9.55,2017,3,9,inf,lowCap
1152,Indo-National Limited,NIPPOBATRY,1999-10-06,582.0,775.0,0.0,307.0,0.64,0.73,-2.49,5.0,858.0,284.0,1999,10,27,2.52442996742671,lowCap
1153,Aditya Birla Money Limited,BIRLAMONEY,2008-02-07,580.0,103.0,60.9,2.92,0.0,12.4,26.0,1.0,125.0,42.6,2008,2,18,35.273972602739725,lowCap
1154,International Conveyors Limited,INTLCONV,2021-09-16,576.0,90.9,11.2,39.9,1.22,15.6,13.0,1.0,105.0,40.0,2021,9,5,2.2781954887218046,lowCap
1155,Cybertech Systems And Software Limited,CYBERTECH,1999-01-27,574.0,202.0,27.2,58.0,0.97,20.0,13.8,10.0,209.0,84.8,1999,1,27,3.4827586206896552,lowCap
1156,Prime Securities Limited,PRIMESECU,2005-06-17,567.0,172.0,34.8,41.3,0.3,11.6,8.35,5.0,197.0,92.3,2005,6,21,4.164648910411622,lowCap
1157,Zim Laboratories Limited,ZIMLAB,2022-11-25,565.0,116.0,31.0,46.4,0.0,16.6,13.0,10.0,153.0,67.4,2022,11,4,2.5,lowCap
1158,CL Educate Limited,CLEDUCATE,2017-03-31,565.0,102.0,19.5,51.9,0.0,6.81,8.16,5.0,112.0,48.8,2017,3,9,1.9653179190751446,lowCap
1159,Kriti Industries (India) Limited,KRITI,2021-11-01,560.0,113.0,18.1,28.3,0.0,-6.07,-17.5,1.0,141.0,72.6,2021,11,5,3.9929328621908127,lowCap
1160,B&B Triplewall Containers Limited,BBTCL,2022-11-23,560.0,273.0,28.3,55.7,0.36,15.9,18.7,10.0,314.0,168.0,2022,11,4,4.901256732495511,lowCap
1161,Bedmutha Industries Limited,BEDMUTHA,2010-10-14,558.0,173.0,32.2,33.2,0.0,12.9,13.5,10.0,187.0,46.7,2010,10,16,5.210843373493976,lowCap
1162,Nahar Poly Films Limited,NAHARPOLY,2007-03-23,553.0,225.0,35.9,326.0,0.66,5.33,5.08,5.0,293.0,198.0,2007,3,19,0.6901840490797546,lowCap
1163,Windsor Machines Limited,WINDMACHIN,2011-08-17,552.0,85.0,79.1,42.1,1.18,6.77,1.65,2.0,105.0,34.6,2011,8,15,2.019002375296912,lowCap
1164,Nahar Industrial Enterprises Limited,NAHARINDUS,2005-12-15,552.0,128.0,43.7,219.0,0.0,7.99,6.39,10.0,156.0,84.0,2005,12,21,0.5844748858447488,lowCap
1165,PTL Enterprises Limited,PTL,2007-01-29,549.0,41.5,12.1,58.8,4.22,14.1,9.74,1.0,48.0,29.5,2007,1,19,0.7057823129251701,lowCap
1166,United Drilling Tools Limited,UNIDT,2020-09-25,546.0,269.0,58.3,122.0,0.66,6.13,4.22,10.0,308.0,168.0,2020,9,6,2.2049180327868854,lowCap
1167,Venus Remedies Limited,VENUSREM,2006-12-20,545.0,408.0,21.4,352.0,0.0,7.75,5.9,10.0,430.0,145.0,2006,12,20,1.1590909090909092,lowCap
1168,Chemfab Alkalis Limited,CHEMFAB,2018-04-25,536.0,377.0,12.2,263.0,0.34,27.8,20.3,10.0,412.0,213.0,2018,4,8,1.4334600760456273,lowCap
1169,W S Industries (I) Limited,WSI,2007-08-01,534.0,114.0,31.7,20.6,0.0,1.22,63.8,10.0,141.0,15.8,2007,8,19,5.533980582524271,lowCap
1170,Diamines & Chemicals Limited,DIAMINESQ,2023-09-25,527.0,538.0,18.2,146.0,1.11,48.2,35.8,10.0,687.0,390.0,2023,9,3,3.684931506849315,lowCap
1171,MMP Industries Limited,MMP,2020-01-09,527.0,207.0,20.4,106.0,0.47,10.5,8.59,10.0,250.0,92.4,2020,1,6,1.9528301886792452,lowCap
1172,Oricon Enterprises Limited,ORICONENT,2015-07-24,525.0,33.4,67.4,72.0,1.49,1.95,1.17,2.0,36.0,15.2,2015,7,11,0.46388888888888885,lowCap
1173,Bartronics India Limited,ASMS,2023-02-09,521.0,17.1,0.0,17.3,0.0,-0.19,-9.36,1.0,20.4,4.44,2023,2,3,0.9884393063583815,lowCap
1174,Goa Carbon Limited,GOACARBON,2007-06-05,521.0,570.0,56.4,87.9,3.08,8.61,12.1,10.0,619.0,388.0,2007,6,19,6.484641638225256,lowCap
1175,Prozone Realty Limited,PROZONER,2012-09-12,521.0,34.2,23.7,34.2,0.0,6.99,4.98,2.0,41.5,20.5,2012,9,14,1.0,lowCap
1176,Exxaro Tiles Limited,EXXARO,2021-08-16,518.0,116.0,87.1,61.3,0.0,5.86,2.91,10.0,152.0,98.6,2021,8,5,1.8923327895595434,lowCap
1177,Autoline Industries Limited,AUTOIND,2007-01-31,515.0,132.0,61.7,20.6,0.0,6.83,1.96,10.0,148.0,60.1,2007,1,19,6.407766990291262,lowCap
1178,Sarveshwar Foods Limited,SARVESHWAR,2022-12-08,510.0,5.21,45.3,2.49,0.0,8.12,4.69,1.0,5.63,2.08,2022,12,4,2.0923694779116464,lowCap
1179,Dolphin Offshore Enterprises (India) Limited,DOLPHIN,2023-08-21,503.0,1257.0,0.0,572.0,0.0,-4.42,-7.82,10.0,0.0,120.0,2023,8,3,2.1975524475524475,lowCap
1180,Pavna Industries Limited,PAVNAIND,2023-06-01,503.0,413.0,35.9,55.7,0.24,11.2,13.6,10.0,486.0,215.0,2023,6,3,7.41472172351885,lowCap
1181,Gokul Refoils and Solvent Limited,GOKUL,2008-06-04,501.0,50.7,20.1,32.9,0.0,8.17,7.57,2.0,52.2,25.0,2008,6,18,1.5410334346504562,lowCap
1182,Banswara Syntex Limited,BANSWRAS,2007-04-11,500.0,146.0,6.47,151.0,2.06,22.1,24.4,5.0,189.0,107.0,2007,4,19,0.9668874172185431,lowCap
1183,Nahar Capital and Financial Services Limited,NAHARCAP,2008-03-11,499.0,298.0,21.1,925.0,0.5,6.05,6.91,5.0,359.0,240.0,2008,3,18,0.32216216216216215,lowCap
1184,Vikas EcoTech Limited,VIKASECO,2011-12-12,498.0,3.68,151.0,0.49,0.0,13.9,9.06,1.0,5.09,2.35,2011,12,15,7.510204081632653,lowCap
1185,Megasoft Limited,MEGASOFT,2007-07-19,497.0,67.3,104.0,26.2,0.0,7.72,4.17,10.0,67.3,19.9,2007,7,19,2.568702290076336,lowCap
1186,Genus Paper & Boards Limited,GENUSPAPER,2015-02-16,493.0,19.2,0.0,18.3,0.0,1.0,-2.48,1.0,23.5,12.2,2015,2,11,1.0491803278688523,lowCap
1187,NDL Ventures Limited,NDLVENTURE,2007-04-24,490.0,145.0,0.0,73.5,1.37,1.84,-3.39,10.0,164.0,105.0,2007,4,19,1.9727891156462585,lowCap
1188,Orbit Exports Limited,ORBTEXP,2013-11-05,482.0,178.0,13.6,89.3,0.0,19.5,16.9,10.0,230.0,114.0,2013,11,13,1.9932810750279957,lowCap
1189,Liberty Shoes Limited,LIBERTSHOE,1995-09-27,481.0,282.0,71.4,95.2,0.88,8.81,4.23,10.0,328.0,181.0,1995,9,31,2.9621848739495795,lowCap
1190,GeeCee Ventures Limited,GEECEE,2006-10-04,480.0,230.0,410.0,283.0,0.87,2.64,2.11,10.0,243.0,121.0,2006,10,20,0.8127208480565371,lowCap
1191,Sigma Solve Limited,SIGMA,2023-06-09,479.0,466.0,35.8,41.1,0.11,52.0,34.6,10.0,579.0,172.0,2023,6,3,11.338199513381994,lowCap
1192,Advani Hotels & Resorts (India) Limited,ADVANIHOTR,2007-06-25,476.0,103.0,0.0,5.53,4.67,-13.0,-19.9,2.0,125.0,66.6,2007,6,19,18.625678119349004,lowCap
1193,Universus Photo Imagings Limited,UNIVPHOTO,2020-02-14,475.0,434.0,0.0,884.0,0.0,-6.85,-7.32,10.0,567.0,330.0,2020,2,6,0.49095022624434387,lowCap
1194,Parsvnath Developers Limited,PARSVNATH,2006-11-30,471.0,10.8,0.0,-31.6,0.0,-4.78,0.0,5.0,13.6,6.0,2006,11,20,-0.34177215189873417,lowCap
1195,South West Pinnacle Exploration Limited,SOUTHWEST,2019-04-18,470.0,168.0,75.2,41.1,0.3,10.6,8.2,10.0,192.0,92.0,2019,4,7,4.087591240875912,lowCap
1196,SIL Investments Limited,SILINV,1996-05-22,466.0,440.0,15.9,1849.0,0.56,1.94,1.39,10.0,515.0,245.0,1996,5,30,0.23796646836127636,lowCap
1197,SPML Infra Limited,SPMLINFRA,1996-02-14,461.0,94.1,49.2,69.3,0.0,2.51,0.11,2.0,101.0,16.8,1996,2,30,1.3578643578643579,lowCap
1198,Sarla Performance Fibers Limited,SARLAPOLY,2007-01-19,459.0,54.9,30.6,48.9,0.0,7.23,5.45,1.0,60.0,32.4,2007,1,19,1.1226993865030674,lowCap
1199,IFB Agro Industries Limited,IFBAGRO,1996-04-03,457.0,488.0,25.2,588.0,0.0,12.8,9.39,10.0,585.0,414.0,1996,4,30,0.8299319727891157,lowCap
1200,N. B. I. Industrial Finance Company Limited,NBIFIN,2016-11-23,456.0,1857.0,112.0,0.0,0.02,0.0,0.0,5.0,0.0,0.0,2016,11,10,inf,lowCap
1201,Oswal Agro Mills Limited,OSWALAGRO,1995-03-29,456.0,34.0,57.2,62.3,0.0,1.97,2.91,10.0,42.2,23.5,1995,3,31,0.5457463884430177,lowCap
1202,DIC India Limited,DICIND,1995-08-30,456.0,497.0,20.7,231.0,0.4,15.2,10.8,10.0,545.0,363.0,1995,8,31,2.1515151515151514,lowCap
1203,Simplex Infrastructures Limited,SIMPLEXINF,2004-03-09,454.0,79.5,0.0,25.6,0.0,-0.67,-100.0,2.0,86.5,29.8,2004,3,22,3.10546875,lowCap
1204,MODISON LIMITED,MODISONLTD,2021-05-03,445.0,137.0,21.8,60.1,0.74,10.2,7.1,1.0,142.0,50.0,2021,5,5,2.2795341098169715,lowCap
1205,Cineline India Limited,CINELINE,2012-06-13,442.0,136.0,0.0,44.2,0.0,1.32,1.5,5.0,141.0,70.0,2012,6,14,3.0769230769230766,lowCap
1206,R.P.P. Infra Projects Limited,RPPINFRA,2010-12-06,441.0,116.0,8.64,109.0,0.0,12.8,7.63,10.0,116.0,38.2,2010,12,16,1.0642201834862386,lowCap
1207,BALAXI PHARMACEUTICALS LIMITED,BALAXI,2015-11-30,441.0,431.0,15.2,152.0,0.0,38.5,32.2,10.0,665.0,400.0,2015,11,11,2.835526315789474,lowCap
1208,Asian Hotels (North) Limited,ASIANHOTNR,2010-04-07,440.0,226.0,0.0,89.4,0.0,-0.97,-35.0,10.0,241.0,66.6,2010,4,16,2.527964205816555,lowCap
1209,Shemaroo Entertainment Limited,SHEMAROO,2014-10-01,440.0,162.0,47.0,219.0,0.0,5.25,1.61,10.0,189.0,101.0,2014,10,12,0.7397260273972602,lowCap
1210,Shyam Century Ferrous Limited,SHYAMCENT,2015-07-28,439.0,20.7,29.9,7.09,1.46,0.18,1.14,1.0,23.0,15.3,2015,7,11,2.919605077574048,lowCap
1211,Wealth First Portfolio Managers Limited,WEALTH,2021-01-20,438.0,411.0,18.2,87.5,0.73,26.0,19.4,10.0,465.0,262.0,2021,1,5,4.6971428571428575,lowCap
1212,AVG Logistics Limited,AVG,2023-05-12,438.0,372.0,13.0,86.8,0.26,11.7,9.66,10.0,405.0,100.0,2023,5,3,4.285714285714286,lowCap
1213,Kothari Sugars And Chemicals Limited,KOTARISUG,2004-12-13,437.0,52.7,58.4,16.8,1.91,7.65,5.27,10.0,63.8,32.4,2004,12,22,3.136904761904762,lowCap
1214,ShreeOswal Seeds And Chemicals Limited,OSWALSEEDS,2023-02-28,434.0,57.0,119.0,6.17,0.0,14.0,13.8,2.0,85.1,43.1,2023,2,3,9.238249594813615,lowCap
1215,UFO Moviez India Limited,UFO,2015-05-14,434.0,113.0,83.9,71.8,0.0,-0.97,-4.95,10.0,130.0,57.2,2015,5,11,1.573816155988858,lowCap
1216,Nureca Limited,NURECA,2021-02-25,431.0,431.0,454.0,197.0,0.0,-6.27,-5.37,10.0,512.0,294.0,2021,2,5,2.1878172588832485,lowCap
1217,Alankit Limited,ALANKIT,2015-06-30,430.0,19.2,28.8,7.52,0.0,7.8,13.8,1.0,19.8,7.0,2015,6,11,2.5531914893617023,lowCap
1218,Goldstone Technologies Limited,GOLDTECH,2001-04-11,430.0,124.0,0.0,19.8,0.0,2.89,0.67,10.0,144.0,43.4,2001,4,25,6.262626262626262,lowCap
1219,Hitech Corporation Limited,HITECHCORP,2007-12-20,429.0,250.0,43.1,81.7,0.39,13.5,6.6,10.0,309.0,151.0,2007,12,19,3.0599755201958385,lowCap
1220,Bhartiya International Limited,BIL,2000-04-12,427.0,350.0,7.4,320.0,0.0,13.4,17.6,10.0,408.0,145.0,2000,4,26,1.09375,lowCap
1221,Bharat Road Network Limited,BRNL,2017-09-18,420.0,50.0,0.0,27.9,0.0,-2.35,-52.5,10.0,58.4,23.0,2017,9,9,1.7921146953405018,lowCap
1222,Trigyn Technologies Limited,TRIGYN,1998-04-09,418.0,136.0,10.2,231.0,0.0,9.28,5.38,10.0,148.0,84.8,1998,4,28,0.5887445887445888,lowCap
1223,Wanbury Limited,WANBURY,2007-01-29,417.0,127.0,40.2,-6.8,0.0,16.9,0.0,10.0,137.0,33.0,2007,1,19,-18.676470588235293,lowCap
1224,TPL Plastech Limited,TPLPLASTEH,2015-05-20,414.0,53.0,51.7,11.8,1.16,14.0,8.98,2.0,60.0,26.9,2015,5,11,4.491525423728813,lowCap
1225,Nupur Recyclers Limited,NRL,2023-01-12,412.0,90.0,42.7,17.8,0.0,0.0,0.0,10.0,159.0,86.0,2023,1,3,5.056179775280898,lowCap
1226,Emami Realty Limited,EMAMIREAL,2010-07-28,412.0,109.0,0.0,13.6,0.0,0.18,-36.7,2.0,152.0,52.0,2010,7,16,8.014705882352942,lowCap
1227,Kaya Limited,KAYA,2015-08-14,411.0,314.0,0.0,-94.9,0.0,-43.5,0.0,10.0,399.0,239.0,2015,8,11,-3.308746048472076,lowCap
1228,IL&FS Engineering and Construction Company Limited,IL&FSENGG,2007-10-25,411.0,31.3,0.0,-236.0,0.0,0.0,0.0,10.0,31.3,10.1,2007,10,19,-0.1326271186440678,lowCap
1229,Industrial Investment Trust Limited,IITL,2010-08-17,410.0,182.0,17.2,168.0,0.0,15.6,12.5,10.0,218.0,68.0,2010,8,16,1.0833333333333333,lowCap
1230,Sakuma Exports Limited,SAKUMA,2006-03-08,408.0,17.4,16.5,19.2,0.29,9.08,6.39,1.0,22.2,9.25,2006,3,20,0.90625,lowCap
1231,BPL Limited,BPL,1995-06-14,406.0,83.0,28.1,50.7,0.0,3.85,2.51,10.0,103.0,46.7,1995,6,31,1.6370808678500985,lowCap
1232,Lyka Labs Limited,LYKALABS,1995-02-08,402.0,122.0,0.0,20.6,0.0,4.93,-28.4,10.0,156.0,88.5,1995,2,31,5.922330097087379,lowCap
1233,Apollo Sindoori Hotels Limited,APOLSINHOT,2015-01-28,400.0,1539.0,47.9,491.0,0.1,11.8,9.21,5.0,0.0,0.0,2015,1,11,3.134419551934827,lowCap
1234,KCP Sugar and Industries Corporation Limited,KCPSUGIND,1997-06-11,397.0,35.0,4.54,38.0,0.57,4.98,2.99,1.0,43.9,21.0,1997,6,29,0.9210526315789473,lowCap
1235,Nath Bio-Genes (India) Limited,NATHBIOGEN,2014-01-28,395.0,208.0,10.3,318.0,0.97,7.06,6.28,10.0,245.0,128.0,2014,1,12,0.6540880503144654,lowCap
1236,Brooks Laboratories Limited,BROOKS,2011-09-05,390.0,149.0,0.0,29.6,0.0,-27.7,-23.4,10.0,173.0,56.5,2011,9,15,5.033783783783783,lowCap
1237,Mawana Sugars Limited,MAWANASUG,2009-03-20,384.0,98.2,12.5,88.3,3.06,5.58,3.56,10.0,121.0,77.6,2009,3,17,1.1121177802944509,lowCap
1238,Remsons Industries Limited,REMSONSIND,1996-01-31,383.0,670.0,40.8,81.0,0.23,15.5,22.1,10.0,716.0,182.0,1996,1,30,8.271604938271604,lowCap
1239,PVP Ventures Limited,PVP,1996-04-03,383.0,14.7,0.0,5.67,0.0,61.2,127.0,10.0,17.5,5.9,1996,4,30,2.5925925925925926,lowCap
1240,Kothari Products Limited,KOTHARIPRO,1998-06-03,376.0,126.0,26.3,321.0,0.0,1.86,0.73,10.0,154.0,95.2,1998,6,28,0.3925233644859813,lowCap
1241,MIRC Electronics Limited,MIRCELECTR,2004-05-24,372.0,16.1,0.0,6.72,0.0,-3.49,-26.9,1.0,25.6,11.0,2004,5,22,2.3958333333333335,lowCap
1242,Mahindra EPC Irrigation Limited,MAHEPC,2020-02-14,371.0,133.0,426.0,58.0,0.0,-7.24,-7.22,10.0,139.0,83.8,2020,2,6,2.293103448275862,lowCap
1243,Megastar Foods Limited,MEGASTAR,2022-02-16,369.0,368.0,32.6,50.1,0.0,22.6,24.6,10.0,405.0,191.0,2022,2,4,7.3453093812375245,lowCap
1244,IL&FS Investment Managers Limited,IVC,1999-09-15,366.0,11.6,35.3,6.24,6.84,9.24,5.59,2.0,14.8,5.65,1999,9,27,1.8589743589743588,lowCap
1245,Asahi Songwon Colors Limited,ASAHISONG,2011-08-29,363.0,308.0,0.0,202.0,0.16,-0.92,-5.06,10.0,316.0,171.0,2011,8,15,1.5247524752475248,lowCap
1246,Star Paper Mills Limited,STARPAPER,1995-09-13,363.0,233.0,24.2,74.0,1.52,19.9,13.7,10.0,245.0,142.0,1995,9,31,3.1486486486486487,lowCap
1247,Dynemic Products Limited,DYNPRO,2017-07-19,363.0,302.0,141.0,162.0,0.0,3.67,-1.66,10.0,424.0,230.0,2017,7,9,1.8641975308641976,lowCap
1248,Emkay Global Financial Services Limited,EMKAY,2006-04-28,363.0,147.0,31.6,88.0,0.69,6.88,6.86,10.0,155.0,61.2,2006,4,20,1.6704545454545454,lowCap
1249,Rudrabhishek Enterprises Limited,REPL,2020-12-14,358.0,207.0,27.4,67.1,0.0,16.2,12.2,10.0,236.0,132.0,2020,12,6,3.0849478390462,lowCap
1250,Nila Infrastructures Limited,NILAINFRA,2015-05-21,357.0,9.06,134.0,3.44,0.0,6.05,-0.27,1.0,9.67,4.23,2015,5,11,2.6337209302325584,lowCap
1251,AYM Syntex Limited,AYMSYNTEX,2015-08-14,354.0,70.0,427.0,80.0,0.0,0.0,0.0,10.0,84.9,52.5,2015,8,11,0.875,lowCap
1252,Career Point Limited,CAREERP,2010-10-06,349.0,192.0,15.7,278.0,1.05,3.05,2.43,10.0,264.0,118.0,2010,10,16,0.6906474820143885,lowCap
1253,Inspirisys Solutions Limited,INSPIRISYS,2006-10-30,349.0,88.0,36.2,-2.2,0.0,12.0,0.0,10.0,97.6,38.0,2006,10,20,-40.0,lowCap
1254,Coastal Corporation Limited,COASTCORP,2021-10-08,349.0,262.0,0.0,195.0,0.52,5.48,2.93,10.0,309.0,166.0,2021,10,5,1.3435897435897435,lowCap
1255,Dev Information Technology Limited,DEVIT,2022-02-15,348.0,157.0,36.9,20.2,0.15,15.2,12.5,5.0,175.0,81.0,2022,2,4,7.772277227722773,lowCap
1256,Starteck Finance Limited,STARTECK,2022-05-04,345.0,348.0,22.4,190.0,0.07,7.13,6.57,10.0,420.0,101.0,2022,5,4,1.831578947368421,lowCap
1257,Hindustan Motors Limited,HINDMOTORS,2011-02-21,344.0,16.5,0.0,-4.47,0.0,0.0,0.0,5.0,19.4,12.3,2011,2,15,-3.691275167785235,lowCap
1258,Sakthi Sugars Limited,SAKHTISUG,1995-09-06,343.0,28.9,0.0,21.7,0.0,-7.03,-59.4,10.0,36.5,18.1,1995,9,31,1.3317972350230414,lowCap
1259,Sadbhav Engineering Limited,SADBHAV,2006-03-01,343.0,20.0,0.0,7.34,0.0,4.85,-60.2,1.0,24.5,8.5,2006,3,20,2.7247956403269757,lowCap
1260,TIL Limited,TIL,1995-09-27,343.0,342.0,0.0,-311.0,0.0,-35.1,0.0,10.0,441.0,103.0,1995,9,31,-1.0996784565916398,lowCap
1261,PPAP Automotive Limited,PPAP,2008-01-11,342.0,244.0,0.0,209.0,0.61,1.58,-2.02,10.0,295.0,148.0,2008,1,18,1.167464114832536,lowCap
1262,Take Solutions Limited,TAKE,2007-08-27,342.0,23.1,0.0,6.89,0.0,-14.0,-62.5,1.0,26.2,12.7,2007,8,19,3.3526850507982586,lowCap
1263,Airan Limited,AIRAN,2019-05-03,341.0,27.3,30.6,9.49,0.0,11.4,9.15,2.0,28.2,13.0,2019,5,7,2.8767123287671232,lowCap
1264,IZMO Limited,IZMO,2007-02-05,340.0,253.0,13.6,211.0,0.0,8.06,7.62,10.0,279.0,69.6,2007,2,19,1.1990521327014219,lowCap
1265,Precot Limited,PRECOT,2005-08-19,335.0,279.0,0.0,334.0,0.0,0.13,-6.69,10.0,295.0,128.0,2005,8,21,0.8353293413173652,lowCap
1266,Ashima Limited,ASHIMASYN,1995-07-27,332.0,17.3,0.0,11.8,0.0,-6.58,-8.25,10.0,19.4,12.0,1995,7,31,1.466101694915254,lowCap
1267,Bhagyanagar India Limited,BHAGYANGR,2017-05-17,331.0,104.0,6.71,58.8,0.0,8.68,7.1,2.0,110.0,43.6,2017,5,9,1.7687074829931975,lowCap
1268,DCM Nouvelle Limited,DCMNVL,2019-07-16,329.0,176.0,0.0,168.0,0.0,5.18,4.32,10.0,215.0,127.0,2019,7,7,1.0476190476190477,lowCap
1269,Mahalaxmi Rubtech Limited,MHLXMIRU,2022-01-27,329.0,310.0,36.8,86.3,0.0,10.2,8.49,10.0,322.0,143.0,2022,1,4,3.5921205098493627,lowCap
1270,Sah Polymers Limited,SAH,2023-01-12,328.0,127.0,162.0,33.7,0.39,9.0,6.29,10.0,133.0,59.0,2023,1,3,3.7685459940652817,lowCap
1271,Zodiac Clothing Company Limited,ZODIACLOTH,1995-09-27,328.0,126.0,0.0,101.0,0.0,-4.27,-8.34,10.0,151.0,79.0,1995,9,31,1.2475247524752475,lowCap
1272,Mangalam Organics Limited,MANORG,2021-11-02,327.0,382.0,164.0,323.0,0.0,-4.06,-9.39,10.0,542.0,307.0,2021,11,5,1.1826625386996905,lowCap
1273,Ravinder Heights Limited,RVHL,2020-12-18,324.0,52.8,44.0,40.1,0.0,1.7,2.29,1.0,58.4,17.0,2020,12,6,1.3167082294264338,lowCap
1274,Harrisons  Malayalam Limited,HARRMALAYA,1995-02-08,323.0,175.0,118.0,80.6,0.0,12.4,11.9,10.0,194.0,103.0,1995,2,31,2.1712158808933,lowCap
1275,Loyal Textile Mills Limited,LOYALTEX,2022-08-11,322.0,668.0,0.0,701.0,0.0,4.08,0.83,10.0,795.0,463.0,2022,8,4,0.9529243937232525,lowCap
1276,UCAL LIMITED,UCAL,1995-09-13,319.0,144.0,0.0,175.0,1.39,4.55,0.27,10.0,164.0,105.0,1995,9,31,0.8228571428571428,lowCap
1277,Integra Essentia Limited,ESSENTIA,2013-08-20,318.0,6.95,25.2,2.45,0.0,14.0,28.8,1.0,8.8,5.1,2013,8,13,2.836734693877551,lowCap
1278,GSS Infotech Limited,GSS,2008-03-07,317.0,187.0,77.6,135.0,0.0,7.81,7.29,10.0,304.0,176.0,2008,3,18,1.385185185185185,lowCap
1279,Manaksia Steels Limited,MANAKSTEEL,2015-03-30,314.0,47.8,11.0,47.6,0.0,6.37,4.01,1.0,54.7,29.0,2015,3,11,1.004201680672269,lowCap
1280,Jayshree Tea & Industries Limited,JAYSREETEA,1995-02-15,311.0,108.0,0.0,86.4,0.0,0.18,-13.2,5.0,117.0,74.1,1995,2,31,1.25,lowCap
1281,Bannari Amman Spinning Mills Limited,BASML,2005-11-14,307.0,47.4,0.0,63.8,0.0,2.37,-5.03,5.0,56.7,33.8,2005,11,21,0.7429467084639498,lowCap
1282,Murudeshwar Ceramics Limited,MURUDCERA,2004-05-28,306.0,53.0,47.2,60.6,0.96,4.65,1.92,10.0,71.9,27.0,2004,5,22,0.8745874587458745,lowCap
1283,Aban Offshore Limited,ABAN,1995-03-29,305.0,52.3,0.0,-3952.0,0.0,0.0,0.0,2.0,67.0,31.2,1995,3,31,-0.013233805668016194,lowCap
1284,Gujarat Apollo Industries Limited,GUJAPOLLO,2007-06-04,305.0,258.0,29.7,409.0,0.78,2.38,2.24,10.0,270.0,178.0,2007,6,19,0.6308068459657702,lowCap
1285,DELPHI WORLD MONEY LIMITED,DELPHIFX,2011-06-28,303.0,272.0,0.0,94.1,0.0,-5.99,-0.71,10.0,475.0,264.0,2011,6,15,2.8905419766206166,lowCap
1286,Pritika Auto Industries Limited,PRITIKAUTO,2021-08-10,300.0,32.8,24.6,19.0,0.0,12.8,10.1,2.0,39.6,13.1,2021,8,5,1.726315789473684,lowCap
1287,Tembo Global Industries Limited,TEMBO,2021-04-23,300.0,270.0,28.8,42.0,0.55,15.2,17.8,10.0,305.0,124.0,2021,4,5,6.428571428571429,lowCap
1288,Virinchi Limited,VIRINCHI,2023-05-03,297.0,32.5,12.4,47.4,0.0,8.01,3.31,10.0,53.7,28.2,2023,5,3,0.6856540084388186,lowCap
1289,Hindcon Chemicals Limited,HINDCON,2021-07-05,297.0,58.0,48.3,9.07,0.17,14.3,10.6,2.0,69.7,15.3,2021,7,5,6.39470782800441,lowCap
1290,Elgi Rubber Company Limited,ELGIRUBCO,2011-08-10,296.0,59.0,110.0,39.9,0.0,5.85,0.86,1.0,68.4,27.4,2011,8,15,1.4786967418546366,lowCap
1291,Electrotherm (India) Limited,ELECTHERM,2007-08-20,294.0,230.0,1.54,-777.0,0.0,9.69,0.0,10.0,274.0,48.0,2007,8,19,-0.296010296010296,lowCap
1292,K.M.Sugar Mills Limited,KMSUGAR,2007-05-31,293.0,31.8,8.1,31.8,0.0,8.84,8.76,2.0,39.4,22.8,2007,5,19,1.0,lowCap
1293,Mcleod Russel India Limited,MCLEODRUSS,2005-07-29,288.0,27.6,0.0,54.4,0.0,1.34,-11.1,5.0,31.8,16.3,2005,7,21,0.5073529411764707,lowCap
1294,TRF Limited,TRF,2010-03-26,282.0,256.0,6.16,44.4,0.0,188.0,0.0,10.0,293.0,153.0,2010,3,16,5.765765765765766,lowCap
1295,MEP Infrastructure Developers Limited,MEP,2015-05-06,281.0,15.2,0.0,-21.6,0.0,-20.9,0.0,10.0,20.7,9.5,2015,5,11,-0.7037037037037036,lowCap
1296,Superhouse Limited,SUPERHOUSE,2014-09-26,278.0,252.0,12.3,404.0,0.4,8.2,6.07,10.0,287.0,185.0,2014,9,12,0.6237623762376238,lowCap
1297,Equippp Social Impact Technologies Limited,EQUIPPP,2021-05-19,273.0,26.4,0.0,0.6,0.0,4.33,3.92,1.0,57.4,23.6,2021,5,5,44.0,lowCap
1298,North Eastern Carrying Corporation Limited,NECCLTD,2016-03-02,273.0,28.8,61.5,8.52,0.0,11.2,7.32,10.0,37.4,13.1,2016,3,10,3.3802816901408455,lowCap
1299,Aries Agro Limited,ARIES,2008-01-11,270.0,208.0,21.7,200.0,0.48,14.2,6.83,10.0,228.0,144.0,2008,1,18,1.04,lowCap
1300,SEL Manufacturing Company Limited,SELMC,2021-10-26,264.0,79.6,0.0,4.91,0.0,-14.2,-102.0,10.0,590.0,72.5,2021,10,5,16.21181262729124,lowCap
1301,Kanpur Plastipack Limited,KANPRPLA,2021-01-01,254.0,118.0,36.1,85.4,0.42,4.63,2.93,10.0,136.0,72.8,2021,1,5,1.3817330210772834,lowCap
1302,Iris Business Services Limited,IRIS,2021-11-08,252.0,130.0,47.4,17.9,0.0,17.5,14.5,10.0,155.0,65.6,2021,11,5,7.262569832402235,lowCap
1303,Bodhi Tree Multimedia Limited,BTML,2023-02-15,252.0,202.0,39.2,21.0,0.26,23.1,19.2,10.0,209.0,113.0,2023,2,3,9.619047619047619,lowCap
1304,Asian Hotels (East) Limited,AHLEAST,2010-08-11,247.0,143.0,16.2,121.0,1.75,3.79,3.73,10.0,170.0,82.1,2010,8,16,1.1818181818181819,lowCap
1305,Naga Dhunseri Group Limited,NDGL,2016-08-29,246.0,2461.0,5.72,7987.0,0.1,10.6,10.4,10.0,0.0,0.0,2016,8,10,0.30812570426943786,lowCap
1306,Sejal Glass Limited,SEJALLTD,2021-12-13,246.0,244.0,25.9,27.8,0.0,4.87,87.2,10.0,308.0,210.0,2021,12,5,8.776978417266188,lowCap
1307,AksharChem India Limited,AKSHARCHEM,2017-03-28,243.0,303.0,10.7,116.0,0.17,26.9,20.6,10.0,330.0,201.0,2017,3,9,2.6120689655172415,lowCap
1308,Mangalam Global Enterprise Limited,MGEL,2020-12-23,241.0,16.7,14.0,8.63,0.12,10.8,13.8,2.0,37.0,11.5,2020,12,6,1.9351100811123985,lowCap
1309,Rajshree Polypack Limited,RPPL,2021-11-26,240.0,210.0,31.7,117.0,0.24,11.1,8.68,10.0,253.0,139.0,2021,11,5,1.794871794871795,lowCap
1310,Compucom Software Limited,COMPUSOFT,2012-03-02,239.0,30.2,33.7,17.8,1.33,4.97,3.1,2.0,45.0,14.6,2012,3,14,1.696629213483146,lowCap
1311,Almondz Global Securities Limited,ALMONDZ,2008-06-16,239.0,89.2,14.6,82.1,0.0,10.3,8.18,6.0,102.0,59.0,2008,6,18,1.0864799025578564,lowCap
1312,Gillanders Arbuthnot & Company Limited,GILLANDERS,2009-12-14,239.0,112.0,0.0,128.0,0.0,4.38,1.37,10.0,130.0,56.6,2009,12,17,0.875,lowCap
1313,Dhunseri Tea & Industries Limited,DTIL,2015-01-20,238.0,227.0,0.0,645.0,1.33,-2.1,-2.96,10.0,249.0,180.0,2015,1,11,0.351937984496124,lowCap
1314,Aarvi Encon Limited,AARVI,2020-06-24,238.0,161.0,19.8,75.2,1.24,17.5,15.0,10.0,185.0,100.0,2020,6,6,2.1409574468085104,lowCap
1315,Intense Technologies Limited,INTENTECH,2017-03-23,236.0,101.0,14.5,51.4,0.51,16.4,13.3,2.0,129.0,53.0,2017,3,9,1.9649805447470818,lowCap
1316,Softtech Engineers Limited,SOFTTECH,2022-02-25,236.0,233.0,78.5,122.0,0.0,7.85,3.91,10.0,288.0,122.0,2022,2,4,1.9098360655737705,lowCap
1317,Ducon Infratechnologies Limited,DUCON,2012-10-09,235.0,9.04,60.2,4.76,0.0,7.15,3.19,1.0,16.5,5.05,2012,10,14,1.8991596638655461,lowCap
1318,Palred Technologies Limited,PALREDTEC,2016-05-09,235.0,192.0,0.0,48.4,0.0,4.41,-0.08,10.0,197.0,112.0,2016,5,10,3.9669421487603307,lowCap
1319,Maheshwari Logistics Limited,MAHESHWARI,2019-04-15,234.0,79.0,17.8,58.7,0.0,11.8,8.33,10.0,102.0,49.6,2019,4,7,1.3458262350936967,lowCap
1320,Indo Thai Securities Limited,INDOTHAI,2011-11-02,231.0,231.0,0.0,65.7,0.26,-13.2,-10.6,10.0,487.0,197.0,2011,11,15,3.515981735159817,lowCap
1321,Nitco Limited,NITCO,2006-03-21,229.0,31.8,0.0,-57.6,0.0,-11.2,0.0,10.0,34.4,16.4,2006,3,20,-0.5520833333333334,lowCap
1322,Arshiya Limited,ARSHIYA,2009-12-14,224.0,8.52,0.0,0.1,0.0,-2.49,-104.0,2.0,9.25,3.45,2009,12,17,85.19999999999999,lowCap
1323,Veto Switchgears And Cables Limited,VETO,2015-04-29,222.0,116.0,12.7,128.0,0.86,13.1,9.09,10.0,147.0,71.4,2015,4,11,0.90625,lowCap
1324,Country Club Hospitality & Holidays Limited,CCHHL,2015-02-03,221.0,13.5,15.7,18.9,0.0,6.02,3.84,2.0,16.3,5.31,2015,2,11,0.7142857142857143,lowCap
1325,Indowind Energy Limited,INDOWIND,2007-09-14,221.0,20.6,0.0,22.0,0.0,2.73,2.47,10.0,24.7,8.6,2007,9,19,0.9363636363636364,lowCap
1326,Alpa Laboratories Limited,ALPA,2007-08-06,220.0,105.0,11.9,68.1,0.0,9.69,7.76,10.0,111.0,50.1,2007,8,19,1.5418502202643174,lowCap
1327,Suvidhaa Infoserve Limited,SUVIDHAA,2021-03-31,219.0,10.6,0.0,3.03,0.0,-1.89,-2.46,1.0,10.6,3.2,2021,3,5,3.4983498349834985,lowCap
1328,Inventure Growth & Securities Limited,INVENTURE,2011-08-04,219.0,2.61,27.6,2.52,0.0,6.13,4.54,1.0,3.15,1.45,2011,8,15,1.0357142857142856,lowCap
1329,Bafna Pharmaceuticals Limited,BAFNAPH,2020-02-27,218.0,92.2,0.0,216.0,0.0,-3.0,-5.36,10.0,126.0,77.0,2020,2,6,0.42685185185185187,lowCap
1330,Eros International Media Limited,EROSMEDIA,2010-10-06,218.0,22.7,0.0,99.8,0.0,-3.64,-11.1,10.0,32.1,17.2,2010,10,16,0.22745490981963928,lowCap
1331,Maha Rashtra Apex Corporation Limited,MAHAPEXLTD,1998-01-21,217.0,153.0,119.0,82.8,0.0,-32.7,-32.9,10.0,184.0,84.5,1998,1,28,1.8478260869565217,lowCap
1332,Zee Learn Limited,ZEELEARN,2010-12-20,215.0,6.58,0.0,0.36,0.0,2.37,-18.7,1.0,7.99,2.67,2010,12,16,18.27777777777778,lowCap
1333,Texmo Pipes and Products Limited,TEXMOPIPES,2010-03-10,213.0,73.0,0.0,67.1,0.0,-16.9,-28.2,10.0,89.4,41.0,2010,3,16,1.0879284649776455,lowCap
1334,TREJHARA SOLUTIONS LIMITED,TREJHARA,2018-12-28,212.0,179.0,0.0,156.0,0.0,-20.3,-22.6,10.0,223.0,47.0,2018,12,8,1.1474358974358974,lowCap
1335,Indiabulls Enterprises Limited,IEL,2022-12-27,210.0,10.6,0.0,13.4,0.0,3.89,2.75,2.0,27.1,7.43,2022,12,4,0.7910447761194029,lowCap
1336,Vipul Limited,VIPULLTD,2015-04-23,207.0,17.2,0.0,6.85,0.0,3.82,-17.1,1.0,20.5,10.0,2015,4,11,2.510948905109489,lowCap
1337,Surana Telecom and Power Limited,SURANAT&P,2002-05-22,207.0,15.3,0.0,9.37,0.0,-0.15,-1.15,1.0,17.6,7.6,2002,5,24,1.6328708644610461,lowCap
1338,A2Z Infra Engineering Limited,A2ZINFRA,2010-12-23,206.0,11.7,0.0,2.01,0.0,6.57,15.7,10.0,12.6,5.1,2010,12,16,5.82089552238806,lowCap
1339,Modi Rubber Limited,MODIRUBBER,1996-02-07,206.0,82.2,11.2,258.0,0.0,4.89,4.32,10.0,102.0,51.1,1996,2,30,0.3186046511627907,lowCap
1340,SPL Industries Limited,SPLIL,2005-07-26,203.0,70.0,0.0,14.4,0.0,-35.5,-91.3,10.0,81.7,53.3,2005,7,21,4.861111111111111,lowCap
1341,ATLANTAA LIMITED,ATLANTAA,2006-09-25,202.0,24.8,0.0,-6.43,0.0,-0.67,0.0,2.0,27.1,10.3,2006,9,20,-3.8569206842923798,lowCap
1342,Total Transport Systems Limited,TOTAL,2020-08-28,202.0,125.0,202.0,48.6,0.59,14.7,7.91,10.0,187.0,110.0,2020,8,6,2.5720164609053495,lowCap
1343,Tarmat Limited,TARMAT,2007-07-09,200.0,93.8,57.4,61.8,0.0,4.0,4.57,10.0,101.0,48.2,2007,7,19,1.5177993527508091,lowCap
1344,Latteys Industries Limited,LATTEYS,2023-05-23,199.0,34.6,150.0,3.14,0.0,0.0,0.0,2.0,51.9,12.2,2023,5,3,11.019108280254777,lowCap
1345,Aksh Optifibre Limited,AKSHOPTFBR,2000-08-18,197.0,12.1,0.0,4.09,0.0,9.05,8.02,5.0,13.4,8.0,2000,8,26,2.958435207823961,lowCap
1346,Aspinwall and Company Limited,ASPINWALL,2016-06-14,196.0,251.0,34.0,224.0,2.38,10.8,8.82,10.0,295.0,184.0,2016,6,10,1.1205357142857142,lowCap
1347,Future Retail Limited,FRETAIL,2016-08-29,195.0,3.6,0.0,-22.5,0.0,-12.2,-140.0,2.0,4.29,2.0,2016,8,10,-0.16,lowCap
1348,Airo Lam limited,AIROLAM,2021-10-13,194.0,129.0,23.1,44.7,0.0,12.6,12.3,10.0,144.0,64.5,2021,10,5,2.885906040268456,lowCap
1349,Archidply Industries Limited,ARCHIDPLY,2008-07-04,194.0,97.5,19.2,54.9,0.0,13.4,12.5,10.0,99.8,49.7,2008,7,18,1.7759562841530054,lowCap
1350,KBC Global Limited,KBCGLOBAL,2018-04-02,194.0,2.02,0.0,14.0,0.0,1.41,-0.66,1.0,4.37,1.85,2018,4,8,0.1442857142857143,lowCap
1351,Avonmore Capital & Management Services Limited,AVONMORE,2023-01-04,190.0,81.5,15.6,124.0,0.0,45.4,47.7,10.0,104.0,58.5,2023,1,3,0.657258064516129,lowCap
1352,AKI India Limited,AKI,2023-04-06,190.0,28.4,178.0,2.24,0.0,8.14,7.98,2.0,28.9,10.6,2023,4,3,12.678571428571427,lowCap
1353,Jullundur Motor Agency (Delhi) Limited,JMA,2015-03-16,188.0,82.4,7.17,92.6,2.44,18.7,13.9,2.0,88.5,59.0,2015,3,11,0.8898488120950325,lowCap
1354,Weizmann Limited,WEIZMANIND,1995-05-10,187.0,118.0,25.4,43.2,0.42,12.3,6.61,10.0,155.0,75.0,1995,5,31,2.7314814814814814,lowCap
1355,Rajshree Sugars & Chemicals Limited,RAJSREESUG,1995-03-29,186.0,56.0,7.04,46.7,0.0,11.0,22.3,10.0,62.4,32.6,1995,3,31,1.1991434689507494,lowCap
1356,Shiva Texyarn Limited,SHIVATEX,2017-12-26,185.0,143.0,0.0,97.0,0.0,0.0,0.0,10.0,170.0,107.0,2017,12,9,1.4742268041237114,lowCap
1357,Manaksia Coated Metals & Industries Limited,MANAKCOAT,2015-03-30,185.0,28.3,30.3,18.5,0.1,9.74,4.99,1.0,35.5,13.9,2015,3,11,1.5297297297297299,lowCap
1358,Smartlink Holdings Limited,SMARTLINK,2001-04-11,184.0,185.0,102.0,183.0,0.0,1.57,0.91,2.0,205.0,127.0,2001,4,25,1.010928961748634,lowCap
1359,Noida Toll Bridge Company Limited,NOIDATOLL,2002-12-06,183.0,9.85,0.0,11.7,0.0,-11.0,-13.8,10.0,15.6,5.71,2002,12,24,0.8418803418803419,lowCap
1360,DRC Systems India Limited,DRCSYSTEMS,2021-03-10,182.0,41.1,23.6,8.52,0.0,31.3,32.6,1.0,69.5,27.2,2021,3,5,4.823943661971831,lowCap
1361,Beardsell Limited,BEARDSELL,2015-01-13,181.0,46.0,15.8,17.4,0.23,18.2,15.4,2.0,52.5,17.0,2015,1,11,2.6436781609195403,lowCap
1362,Capital Trust Limited,CAPTRUST,2017-01-16,181.0,111.0,27.6,76.0,0.0,5.06,-8.18,10.0,122.0,52.1,2017,1,9,1.4605263157894737,lowCap
1363,Nila Spaces Limited,NILASPACES,2018-12-28,181.0,4.6,0.0,2.89,0.0,-4.98,-3.65,1.0,5.77,2.4,2018,12,8,1.5916955017301035,lowCap
1364,Uma Exports Limited,UMAEXPORTS,2022-04-07,181.0,53.6,10.7,53.4,0.0,20.8,20.6,10.0,75.5,35.3,2022,4,4,1.00374531835206,lowCap
1365,Alphageo (India) Limited,ALPHAGEO,2007-05-11,181.0,285.0,73.1,426.0,2.8,0.12,-0.08,10.0,324.0,198.0,2007,5,19,0.6690140845070423,lowCap
1366,Shah Metacorp Limited,SHAH,2010-10-27,180.0,4.3,0.0,1.0,0.0,0.06,0.0,1.0,5.5,2.31,2010,10,16,4.3,lowCap
1367,Touchwood Entertainment Limited,TOUCHWOOD,2020-01-21,180.0,162.0,79.2,29.6,0.22,17.8,12.4,10.0,227.0,100.0,2020,1,6,5.472972972972973,lowCap
1368,GVP Infotech Limited,GVPTECH,2022-09-06,178.0,10.9,4.53,10.2,0.0,72.0,43.6,2.0,44.0,9.85,2022,9,4,1.0686274509803924,lowCap
1369,Mukta Arts Limited,MUKTAARTS,2000-09-12,178.0,79.0,0.0,-9.28,0.0,-3.43,0.0,5.0,90.4,41.6,2000,9,26,-8.51293103448276,lowCap
1370,Intrasoft Technologies Limited,ISFT,2010-04-12,177.0,120.0,18.8,125.0,0.0,6.31,4.84,10.0,178.0,94.0,2010,4,16,0.96,lowCap
1371,Visesh Infotecnics Limited,VISESHINFO,2000-01-14,177.0,0.47,0.0,1.15,0.0,-1.08,-1.01,1.0,0.66,0.35,2000,1,26,0.40869565217391307,lowCap
1372,Niraj Cement Structurals Limited,NIRAJ,2020-10-01,176.0,43.8,16.7,43.5,0.0,6.0,4.02,10.0,48.7,24.0,2020,10,6,1.006896551724138,lowCap
1373,RKEC Projects Limited,RKEC,2020-12-18,175.0,73.0,12.0,63.6,0.0,18.9,12.0,10.0,90.8,43.6,2020,12,6,1.1477987421383649,lowCap
1374,Future Consumer Limited,FCONSUMER,2013-07-04,174.0,0.87,0.0,-1.41,0.0,-17.7,0.0,6.0,1.72,0.4,2013,7,13,-0.6170212765957447,lowCap
1375,B.A.G Films and Media Limited,BAGFILMS,2003-10-17,174.0,8.8,16.8,7.4,0.0,2.41,-1.2,2.0,9.89,3.5,2003,10,23,1.1891891891891893,lowCap
1376,Worth Peripherals Limited,WORTH,2020-08-04,173.0,110.0,11.3,94.8,0.91,19.0,13.5,10.0,125.0,84.2,2020,8,6,1.160337552742616,lowCap
1377,Prakash Steelage Limited,PRAKASHSTL,2010-08-25,173.0,9.88,0.0,6.31,0.0,-10.6,-45.1,1.0,10.8,3.2,2010,8,16,1.5657686212361333,lowCap
1378,Dangee Dums Limited,DANGEE,2020-11-13,172.0,11.2,203.0,0.0,0.0,0.0,0.0,1.0,19.6,9.25,2020,11,6,inf,lowCap
1379,Kohinoor Foods Limited,KOHINOOR,1999-10-20,171.0,46.2,0.0,-141.0,0.0,3.3,0.0,10.0,84.0,28.3,1999,10,27,-0.32765957446808514,lowCap
1380,Sadbhav Infrastructure Project Limited,SADBHIN,2015-09-16,167.0,4.73,1.09,-10.3,0.0,12.3,172.0,10.0,6.29,2.85,2015,9,11,-0.45922330097087377,lowCap
1381,Xelpmoc Design And Tech Limited,XELPMOC,2019-02-04,166.0,113.0,0.0,47.2,0.0,-20.9,-21.3,10.0,168.0,71.0,2019,2,7,2.3940677966101696,lowCap
1382,JHS Svendgaard Laboratories Limited,JHS,2006-10-21,166.0,25.6,50.1,26.3,0.0,-1.08,0.95,10.0,31.1,13.1,2006,10,20,0.973384030418251,lowCap
1383,Surana Solar Limited,SURANASOL,2011-01-07,164.0,33.3,46.7,8.58,0.0,0.0,0.0,5.0,40.0,14.7,2011,1,15,3.881118881118881,lowCap
1384,The United Nilgiri Tea Estates Company Limited,UNITEDTEA,2015-01-28,162.0,324.0,13.8,233.0,0.83,14.0,10.8,10.0,370.0,256.0,2015,1,11,1.390557939914163,lowCap
1385,SMS Lifesciences India Limited,SMSLIFE,2017-08-17,161.0,534.0,65.3,553.0,0.28,7.92,6.12,10.0,691.0,464.0,2017,8,9,0.9656419529837251,lowCap
1386,IL&FS Transportation Networks Limited,IL&FSTRANS,2010-03-30,159.0,4.83,2.35,133.0,0.0,10.4,1.58,10.0,6.33,2.65,2010,3,16,0.03631578947368421,lowCap
1387,Amj Land Holdings Limited,AMJLAND,1995-02-08,159.0,38.8,20.7,40.0,0.51,6.86,4.22,2.0,43.2,18.8,1995,2,31,0.97,lowCap
1388,Sumit Woods Limited,SUMIT,2019-07-30,158.0,51.7,23.2,22.6,0.0,12.0,11.7,10.0,59.8,26.8,2019,7,7,2.2876106194690267,lowCap
1389,Bal Pharma Limited,BALPHARMA,2006-05-08,157.0,99.6,49.2,40.3,1.01,9.56,4.2,10.0,118.0,63.4,2006,5,20,2.471464019851117,lowCap
1390,Indian Card Clothing Company Limited,INDIANCARD,1997-01-08,156.0,263.0,12.1,414.0,0.0,1.22,1.44,10.0,320.0,202.0,1997,1,29,0.6352657004830918,lowCap
1391,Standard Industries Limited,SIL,2004-01-27,155.0,24.1,16.1,20.7,4.37,13.2,10.1,5.0,38.0,21.0,2004,1,22,1.1642512077294687,lowCap
1392,Mangalam Drugs And Organics Limited,MANGALAM,2005-05-23,155.0,97.7,0.0,83.6,0.0,0.0,0.0,0.0,142.0,93.8,2005,5,21,1.1686602870813398,lowCap
1393,Vardhman Polytex Limited,VARDMNPOLY,2003-05-12,154.0,56.5,0.0,-163.0,0.0,28.4,0.0,10.0,74.0,17.9,2003,5,23,-0.34662576687116564,lowCap
1394,Pansari Developers Limited,PANSARI,2021-10-18,154.0,88.0,56.0,70.8,0.0,1.81,1.6,10.0,152.0,63.5,2021,10,5,1.2429378531073447,lowCap
1395,Cambridge Technology Enterprises Limited,CTE,2007-02-07,151.0,76.8,0.0,47.9,0.0,9.41,8.92,10.0,88.0,46.0,2007,2,19,1.6033402922755742,lowCap
1396,AMD Industries Limited,AMDIND,2007-03-19,151.0,79.0,26.8,54.5,0.0,10.1,5.52,10.0,98.0,43.2,2007,3,19,1.4495412844036697,lowCap
1397,R. S. Software (India) Limited,RSSOFTWARE,1999-05-19,151.0,58.7,41.0,13.2,0.0,-24.4,-24.8,5.0,67.0,21.1,1999,5,27,4.446969696969697,lowCap
1398,SECUREKLOUD TECHNOLOGIES LIMITED,SECURKLOUD,2014-01-29,149.0,44.6,0.0,3.29,0.0,-44.6,-147.0,5.0,65.6,30.1,2014,1,12,13.556231003039514,lowCap
1399,DCM  Limited,DCM,1995-03-29,147.0,78.6,0.0,7.47,0.0,25.8,15.8,10.0,104.0,62.0,1995,3,31,10.522088353413654,lowCap
1400,Astron Paper & Board Mill Limited,ASTRON,2017-12-29,146.0,31.5,0.0,33.5,0.0,-9.37,-14.0,10.0,37.9,18.1,2017,12,9,0.9402985074626866,lowCap
1401,Aartech Solonics Limited,AARTECH,2023-07-10,146.0,138.0,54.3,28.5,0.38,6.9,4.88,10.0,190.0,0.0,2023,7,3,4.842105263157895,lowCap
1402,Accuracy Shipping Limited,ACCURACY,2020-12-11,145.0,9.65,0.0,7.3,0.25,11.0,7.59,1.0,22.5,7.05,2020,12,6,1.3219178082191783,lowCap
1403,Flexituff Ventures International Limited,FLEXITUFF,2011-10-19,145.0,53.8,0.0,-46.8,0.0,-15.2,0.0,10.0,57.7,23.7,2011,10,15,-1.1495726495726495,lowCap
1404,Goyal Aluminiums Limited,GOYALALUM,2022-11-04,142.0,9.95,63.1,1.31,0.0,18.4,13.2,1.0,47.6,7.19,2022,11,4,7.595419847328244,lowCap
1405,Prajay Engineers Syndicate Limited,PRAENG,2007-01-02,142.0,20.3,0.0,79.6,0.0,-0.7,-1.63,10.0,21.9,9.8,2007,1,19,0.2550251256281407,lowCap
1406,Suryalakshmi Cotton Mills Limited,SURYALAXMI,2005-06-15,142.0,75.3,4.69,142.0,0.0,13.8,15.8,10.0,89.5,43.4,2005,6,21,0.530281690140845,lowCap
1407,Sundaram Multi Pap Limited,SUNDARAM,2010-06-02,140.0,2.95,0.0,3.67,0.0,5.15,-3.08,1.0,3.7,1.95,2010,6,16,0.8038147138964579,lowCap
1408,The Motor & General Finance Limited,MOTOGENFIN,1995-02-08,140.0,36.2,0.0,19.0,0.0,-3.07,-3.76,5.0,51.8,24.0,1995,2,31,1.905263157894737,lowCap
1409,Shradha Infraprojects Limited,SHRADHA,2020-10-22,140.0,69.0,7.17,29.3,1.83,6.17,15.8,5.0,81.8,31.1,2020,10,6,2.354948805460751,lowCap
1410,Omax Autos Limited,OMAXAUTO,2003-02-20,139.0,65.0,0.0,94.4,0.0,3.26,-2.97,10.0,71.5,37.6,2003,2,23,0.6885593220338982,lowCap
1411,The Western India Plywoods Limited,WIPL,2017-04-17,137.0,161.0,40.6,49.1,0.63,11.4,8.78,10.0,172.0,73.3,2017,4,9,3.2790224032586557,lowCap
1412,Mahamaya Steel Industries Limited,MAHASTEEL,2016-07-01,136.0,82.7,22.3,83.7,0.0,5.54,3.73,10.0,92.0,49.0,2016,7,10,0.98805256869773,lowCap
1413,Supreme Infrastructure India Limited,SUPREMEINF,2007-10-18,133.0,51.9,0.0,-1993.0,0.0,0.0,0.0,10.0,51.9,19.6,2007,10,19,-0.026041144004014048,lowCap
1414,Anik Industries Limited,ANIKINDS,2008-05-21,133.0,48.0,55.5,139.0,0.0,2.07,1.35,10.0,65.3,26.6,2008,5,18,0.34532374100719426,lowCap
1415,Pioneer Embroideries Limited,PIONEEREMB,2006-05-16,132.0,49.0,62.1,50.0,0.0,2.76,0.88,10.0,64.8,26.3,2006,5,20,0.98,lowCap
1416,Energy Development Company Limited,ENERGYDEV,2007-11-02,131.0,27.5,0.0,22.0,0.0,7.51,4.16,10.0,36.8,13.6,2007,11,19,1.25,lowCap
1417,Prudential Sugar Corporation Limited,PRUDMOULI,1995-05-10,130.0,36.4,26.1,0.0,0.0,7.32,5.05,10.0,36.4,28.0,1995,5,31,inf,lowCap
1418,SVP GLOBAL TEXTILES LIMITED,SVPGLOB,2021-07-14,125.0,9.9,0.0,12.8,0.0,-1.58,-62.3,1.0,43.6,7.44,2021,7,5,0.7734375,lowCap
1419,Ganges Securities Limited,GANGESSECU,2017-07-28,125.0,125.0,31.0,548.0,0.0,2.37,1.8,10.0,145.0,86.0,2017,7,9,0.2281021897810219,lowCap
1420,G-TEC JAINX EDUCATION LIMITED,GTECJAINX,2020-11-13,124.0,122.0,135.0,5.09,0.0,29.5,29.0,10.0,141.0,34.4,2020,11,6,23.968565815324165,lowCap
1421,Patel Integrated Logistics Limited,PATINTLOG,2008-01-11,124.0,19.2,15.2,19.3,0.5,9.59,6.72,10.0,25.2,10.5,2008,1,18,0.9948186528497409,lowCap
1422,Simbhaoli Sugars Limited,SIMBHALS,2016-03-14,123.0,29.7,0.0,-41.1,0.0,-0.48,0.0,10.0,36.6,17.8,2016,3,10,-0.7226277372262774,lowCap
1423,MITCON Consultancy & Engineering Services Limited,MITCON,2022-03-17,123.0,91.6,37.3,79.0,0.0,5.35,4.37,10.0,105.0,57.0,2022,3,4,1.159493670886076,lowCap
1424,Nitiraj Engineers Limited,NITIRAJ,2021-04-22,123.0,120.0,0.0,65.9,0.0,0.38,-0.35,10.0,148.0,66.2,2021,4,5,1.8209408194233685,lowCap
1425,Palash Securities Limited,PALASHSECU,2017-07-28,119.0,118.0,0.0,492.0,0.0,-2.33,-3.34,10.0,166.0,86.2,2017,7,9,0.23983739837398374,lowCap
1426,Hindprakash Industries Limited,HPIL,2022-11-07,118.0,113.0,45.0,41.3,0.44,9.34,6.27,10.0,147.0,72.4,2022,11,4,2.736077481840194,lowCap
1427,BLB Limited,BLBLIMITED,2000-05-31,118.0,22.3,0.0,16.9,0.0,0.28,-4.66,1.0,38.0,18.0,2000,5,26,1.319526627218935,lowCap
1428,Univastu India Limited,UNIVASTU,2020-06-22,117.0,103.0,17.9,41.8,0.0,19.3,15.8,10.0,147.0,76.5,2020,6,6,2.4641148325358855,lowCap
1429,DB (International) Stock Brokers Limited,DBSTOCKBRO,2012-02-29,117.0,33.3,18.3,17.4,0.0,16.9,11.8,2.0,49.0,19.6,2012,2,14,1.9137931034482758,lowCap
1430,Agri-Tech (India) Limited,AGRITECH,2014-01-28,117.0,197.0,0.0,174.0,0.0,0.27,-0.36,10.0,262.0,85.9,2014,1,12,1.132183908045977,lowCap
1431,Barak Valley Cements Limited,BVCL,2007-11-23,114.0,51.6,13.0,53.8,0.0,9.6,4.72,10.0,59.6,22.0,2007,11,19,0.9591078066914499,lowCap
1432,Steel City Securities Limited,STEELCITY,2019-06-27,112.0,74.4,10.9,75.9,4.04,14.3,10.4,10.0,79.9,57.4,2019,6,7,0.9802371541501976,lowCap
1433,Tokyo Plast International Limited,TOKYOPLAST,1995-10-11,112.0,118.0,0.0,61.8,0.0,1.45,-0.28,10.0,139.0,84.3,1995,10,31,1.9093851132686086,lowCap
1434,Zenith Steel Pipes & Industries Limited,ZENITHSTL,2007-04-30,112.0,7.88,0.0,-18.7,0.0,0.0,0.0,10.0,7.95,3.2,2007,4,19,-0.4213903743315508,lowCap
1435,Mcnally Bharat Engineering Company Limited,MBECL,2006-10-06,110.0,5.2,0.0,-177.0,0.0,-28.3,0.0,10.0,6.67,2.9,2006,10,20,-0.02937853107344633,lowCap
1436,S&S Power Switchgears Limited,S&SPOWER,1995-09-27,109.0,176.0,42.4,-12.9,0.0,2.12,0.0,10.0,190.0,21.1,1995,9,31,-13.643410852713178,lowCap
1437,Digicontent Limited,DGCONTENT,2019-06-18,108.0,18.6,0.0,-0.91,0.0,2.98,0.0,2.0,24.5,13.0,2019,6,7,-20.43956043956044,lowCap
1438,Yaari Digital Integrated Services Limited,YAARI,2011-08-18,107.0,10.6,0.0,-22.0,0.0,174.0,0.0,2.0,21.2,9.35,2011,8,15,-0.4818181818181818,lowCap
1439,MRO-TEK Realty Limited,MRO-TEK,2000-11-01,106.0,56.5,0.0,33.0,0.0,1.76,-5.57,5.0,84.0,50.6,2000,11,26,1.7121212121212122,lowCap
1440,Delta Manufacturing Limited,DELTAMAGNT,1995-10-18,104.0,96.3,0.0,29.6,0.0,-9.97,-32.3,10.0,122.0,61.2,1995,10,31,3.253378378378378,lowCap
1441,Banka BioLoo Limited,BANKA,2020-10-29,104.0,95.6,0.0,35.9,0.0,9.61,6.55,10.0,101.0,66.2,2020,10,6,2.662952646239554,lowCap
1442,Sampann Utpadan India Limited,SAMPANN,2012-07-27,103.0,25.5,0.0,1.31,0.0,-1.23,-24.6,10.0,25.5,11.3,2012,7,14,19.46564885496183,lowCap
1443,NRB Industrial Bearings Limited,NIBL,2013-04-09,103.0,42.5,0.0,-10.6,0.0,-3.38,0.0,2.0,51.0,15.0,2013,4,13,-4.0094339622641515,lowCap
1444,Bhandari Hosiery Exports Limited,BHANDARI,2017-01-30,98.4,6.02,224.0,0.0,0.16,8.79,4.35,1.0,8.01,3.52,2017,1,9,inf,lowCap
1445,Cinevista Limited,CINEVISTA,2000-05-02,97.7,17.0,0.0,14.9,0.0,-22.0,-26.6,2.0,24.4,9.0,2000,5,26,1.1409395973154361,lowCap
1446,Archies Limited,ARCHIES,1998-09-02,97.2,28.8,11.8,23.6,0.0,16.1,11.1,2.0,31.7,15.6,1998,9,28,1.2203389830508473,lowCap
1447,Fiberweb (India) Limited,FIBERWEB,2022-02-16,96.9,33.7,15.9,60.6,0.0,8.03,6.55,10.0,42.0,27.0,2022,2,4,0.5561056105610561,lowCap
1448,Ind-Swift Limited,INDSWFTLTD,2004-10-18,96.8,17.9,0.0,-132.0,0.0,8.28,0.0,2.0,24.3,6.5,2004,10,22,-0.1356060606060606,lowCap
1449,Panache Digilife Limited,PANACHE,2020-01-06,94.8,79.0,107.0,29.4,0.0,9.63,4.23,10.0,103.0,56.8,2020,1,6,2.687074829931973,lowCap
1450,Teamo Productions HQ Limited,TPHQ,2009-01-30,93.9,1.09,0.0,0.34,0.0,-0.76,-0.94,1.0,3.83,0.49,2009,1,17,3.2058823529411766,lowCap
1451,Setco Automotive Limited,SETCO,2016-07-01,93.6,7.0,0.0,-38.0,0.0,1.31,0.0,2.0,12.0,4.7,2016,7,10,-0.18421052631578946,lowCap
1452,The Peria Karamalai Tea & Produce Company Limited,PKTEA,2015-08-19,93.5,302.0,0.0,591.0,0.16,-0.58,-1.88,10.0,334.0,221.0,2015,8,11,0.5109983079526227,lowCap
1453,Sri Havisha Hospitality and Infrastructure Limited,HAVISHA,2000-02-16,91.9,3.03,0.0,6.8,0.0,-7.84,-8.71,2.0,3.03,1.6,2000,2,26,0.4455882352941176,lowCap
1454,Ausom Enterprise Limited,AUSOMENT,1996-04-17,90.9,66.8,105.0,89.4,0.75,2.07,1.03,10.0,101.0,51.4,1996,4,30,0.7472035794183445,lowCap
1455,HOV Services Limited,HOVS,2006-09-27,90.8,72.1,38.0,18.8,0.0,19.5,17.2,10.0,97.4,28.5,2006,9,20,3.835106382978723,lowCap
1456,WE WIN LIMITED,WEWIN,2022-06-15,90.4,89.0,46.9,24.3,0.0,14.0,10.7,10.0,110.0,34.5,2022,6,4,3.662551440329218,lowCap
1457,Cerebra Integrated Technologies Limited,CEREBRAINT,2013-06-26,90.4,7.46,0.0,19.5,0.0,3.36,1.05,10.0,14.3,4.45,2013,6,13,0.38256410256410256,lowCap
1458,Tree House Education & Accessories Limited,TREEHOUSE,2011-08-26,88.8,21.0,0.0,49.7,0.0,-15.2,-15.4,10.0,25.0,10.4,2011,8,15,0.4225352112676056,lowCap
1459,Golden Tobacco Limited,GOLDENTOBC,1995-02-08,88.0,50.0,16.6,-117.0,0.0,0.0,0.0,10.0,73.0,39.1,1995,2,31,-0.42735042735042733,lowCap
1460,Karma Energy Limited,KARMAENG,2011-06-28,86.3,74.6,0.0,26.1,0.0,4.07,-8.08,10.0,104.0,22.2,2011,6,15,2.85823754789272,lowCap
1461,Poddar Housing and Development Limited,PODDARHOUS,2017-04-10,84.6,134.0,0.0,139.0,0.0,-3.95,-34.9,10.0,229.0,80.9,2017,4,9,0.9640287769784173,lowCap
1462,Morarjee Textiles Limited,MORARJEE,2012-09-14,84.6,23.3,0.0,-94.6,0.0,-21.8,0.0,7.0,27.0,16.0,2012,9,14,-0.2463002114164905,lowCap
1463,Keynote Financial Services Limited,KEYFINSERV,1996-06-26,84.5,120.0,7.07,157.0,0.84,0.17,-1.64,10.0,174.0,77.7,1996,6,30,0.7643312101910829,lowCap
1464,SecUR Credentials Limited,SECURCRED,2022-10-17,81.5,19.8,9.89,10.0,0.0,9.4,4.8,10.0,36.4,15.6,2022,10,4,1.98,lowCap
1465,Nagreeka Exports Limited,NAGREEKEXP,2007-06-18,80.7,64.6,11.4,0.0,0.0,0.0,0.0,5.0,80.0,28.3,2007,6,19,inf,lowCap
1466,Tera Software Limited,TERASOFT,2016-12-29,79.0,63.1,22.8,87.2,0.0,0.0,0.0,10.0,72.4,28.5,2016,12,10,0.7236238532110092,lowCap
1467,Akg Exim Limited,AKG,2021-02-16,78.8,24.8,35.0,15.4,0.0,8.53,6.69,10.0,40.0,22.4,2021,2,5,1.6103896103896105,lowCap
1468,Nandani Creation Limited,JAIPURKURT,2021-09-02,76.6,67.0,0.0,22.2,0.0,7.21,0.84,10.0,109.0,63.0,2021,9,5,3.0180180180180183,lowCap
1469,Compuage Infocom Limited,COMPINFO,2016-07-07,73.8,8.6,0.0,20.2,0.0,-6.27,-54.3,2.0,21.2,7.7,2016,7,10,0.42574257425742573,lowCap
1470,Soma Textiles & Industries Limited,SOMATEX,1996-08-14,73.8,22.4,16.9,23.0,0.0,11.0,0.0,10.0,50.2,8.52,1996,8,30,0.9739130434782608,lowCap
1471,Sambhaav Media Limited,SAMBHAAV,1996-06-05,73.6,3.85,0.0,4.22,0.0,2.05,-3.38,1.0,4.95,2.22,1996,6,30,0.9123222748815166,lowCap
1472,ICDS Limited,ICDSLTD,1999-11-17,73.3,56.3,91.6,21.0,0.0,2.33,1.5,10.0,64.8,16.6,1999,11,27,2.6809523809523808,lowCap
1473,Kanani Industries Limited,KANANIIND,2011-12-14,73.3,7.41,69.2,6.42,0.0,3.72,3.56,1.0,10.2,5.43,2011,12,15,1.1542056074766356,lowCap
1474,Ashoka Metcast Limited,ASHOKAMET,2023-06-27,73.2,29.3,22.7,41.2,0.0,5.29,4.72,10.0,30.4,10.0,2023,6,3,0.7111650485436893,lowCap
1475,Manugraph India Limited,MANUGRAPH,2006-09-14,71.5,23.5,0.0,32.6,0.0,-12.5,-17.5,2.0,28.8,14.2,2006,9,20,0.7208588957055214,lowCap
1476,Ankit Metal & Power Limited,ANKITMETAL,2013-03-14,71.4,5.06,0.0,25.3,0.0,0.0,0.0,10.0,6.2,2.3,2013,3,13,0.19999999999999998,lowCap
1477,Pritish Nandy Communications Limited,PNC,2000-12-11,69.7,48.2,0.0,50.5,0.0,-5.0,-5.28,10.0,57.9,29.2,2000,12,26,0.9544554455445545,lowCap
1478,Aarvee Denims & Exports Limited,AARVEEDEN,2006-11-21,69.2,29.5,0.0,98.5,0.0,-0.11,-15.9,10.0,33.0,16.2,2006,11,20,0.29949238578680204,lowCap
1479,GACM Technologies Limited,GATECH,2016-07-25,66.0,1.94,71.8,0.19,0.0,-0.94,0.0,1.0,1.94,0.73,2016,7,10,10.210526315789473,lowCap
1480,Power & Instrumentation (Gujarat) Limited,PIGL,2023-05-17,64.1,50.8,15.0,37.5,0.4,11.8,9.14,10.0,93.4,36.2,2023,5,3,1.3546666666666667,lowCap
1481,Bang Overseas Limited,BANG,2008-02-20,63.4,46.8,0.0,61.6,0.0,3.7,1.18,10.0,76.5,32.6,2008,2,18,0.7597402597402597,lowCap
1482,Akash Infra-Projects Limited,AKASH,2019-10-11,60.5,35.8,0.0,49.1,0.0,4.97,1.66,10.0,42.0,22.5,2019,10,7,0.7291242362525457,lowCap
1483,Jet Freight Logistics Limited,JETFREIGHT,2021-12-21,60.4,13.0,0.0,12.3,0.0,5.65,-0.91,5.0,23.8,9.2,2021,12,5,1.056910569105691,lowCap
1484,Future Lifestyle Fashions Limited,FLFL,2013-10-01,59.9,2.97,0.0,-100.0,0.0,-72.6,0.0,2.0,11.6,2.55,2013,10,13,-0.0297,lowCap
1485,Transwarranty Finance Limited,TFL,2007-02-26,59.5,12.2,0.0,5.83,0.0,-5.49,-41.5,10.0,15.5,7.55,2007,2,19,2.0926243567753002,lowCap
1486,Excel Realty N Infra Limited,EXCEL,2009-08-03,59.2,0.42,0.0,1.22,0.0,-1.55,-1.55,1.0,0.56,0.3,2009,8,17,0.3442622950819672,lowCap
1487,Madhav Marbles and Granites Limited,MADHAV,2007-12-20,55.1,61.6,0.0,140.0,0.0,-0.02,-3.01,10.0,65.2,35.2,2007,12,19,0.44,lowCap
1488,ABM International Limited,ABMINTLLTD,2021-09-09,55.0,58.5,0.0,18.2,0.0,-43.2,-34.1,10.0,74.6,31.4,2021,9,5,3.2142857142857144,lowCap
1489,GACM Technologies Limited,GATECHDVR,2017-10-10,53.0,8.99,0.0,12.4,0.0,0.0,0.0,1.0,20.0,7.8,2017,10,9,0.725,lowCap
1490,Burnpur Cement Limited,BURNPUR,2008-01-03,52.7,6.12,45.0,13.6,0.0,2.47,1.14,10.0,8.87,3.55,2008,1,18,0.45,lowCap
1491,Ambica Agarbathies & Aroma industries Limited,AMBICAAGAR,2004-06-29,52.2,30.4,41.1,21.0,0.0,0.0,0.0,10.0,43.1,19.1,2004,6,22,1.4476190476190476,lowCap
1492,Madhucon Projects Limited,MADHUCON,2006-10-05,51.4,6.96,0.0,-246.0,0.0,-8.29,0.0,1.0,10.1,3.28,2006,10,20,-0.02829268292682927,lowCap
1493,HB Stockholdings Limited,HBSL,2018-07-23,51.4,72.0,3.1,120.0,1.38,-3.05,-2.98,10.0,95.4,39.8,2018,7,8,0.6,lowCap
1494,Future Supply Chain Solutions Limited,FSC,2017-12-18,51.3,11.7,0.0,-32.0,0.0,5.99,-12.4,10.0,30.9,8.9,2017,12,9,-0.365625,lowCap
1495,Suumaya Industries Limited,SUULD,2020-10-19,50.2,8.0,0.0,111.0,0.0,-31.7,-47.2,10.0,38.5,6.6,2020,10,6,0.07207207207207207,lowCap
1496,Tantia Constructions Limited,TCLCONS,2023-10-16,50.0,26.6,9.83,132.0,0.0,-0.05,-0.94,1.0,39.0,8.4,2023,10,3,0.20151515151515154,lowCap
1497,Archidply Decor Limited,ADL,2020-10-01,49.7,89.2,0.0,0.0,0.0,0.0,0.0,10.0,97.0,54.3,2020,10,6,inf,lowCap
1498,Cyber Media (India) Limited,CYBERMEDIA,2005-06-10,49.1,31.3,18.8,-2.96,0.0,48.6,0.0,10.0,35.4,12.7,2005,6,21,-10.574324324324325,lowCap
1499,Binani Industries Limited,BINANIIND,2006-09-27,48.9,15.6,0.0,-60.0,0.0,-266.0,0.0,10.0,36.5,10.9,2006,9,20,-0.26,lowCap
1500,3P Land Holdings Limited,PLAND,1995-07-19,47.7,26.5,29.6,47.3,0.0,3.07,2.32,2.0,36.8,16.2,1995,7,31,0.5602536997885835,lowCap
1501,Adroit Infotech Limited,ADROITINFO,1997-08-13,47.5,21.9,0.0,8.93,0.0,23.2,28.2,10.0,35.4,16.5,1997,8,29,2.452407614781635,lowCap
1502,Sagardeep Alloys Limited,SAGARDEEP,2019-01-25,46.6,27.3,106.0,16.3,0.0,5.66,3.42,10.0,30.3,17.8,2019,1,7,1.674846625766871,lowCap
1503,Libas Consumer Products Limited,LIBAS,2019-07-23,46.5,17.6,18.9,27.7,0.0,13.0,12.7,10.0,20.8,9.85,2019,7,7,0.6353790613718412,lowCap
1504,Super Spinning Mills Limited,SUPERSPIN,2004-07-08,45.6,8.28,0.0,9.2,0.0,-1.79,-43.0,1.0,11.7,5.3,2004,7,22,0.9,lowCap
1505,TGB Banquets And Hotels Limited,TGBHOTELS,2007-05-17,44.5,15.2,0.0,34.5,0.0,1.46,0.86,10.0,20.5,7.7,2007,5,19,0.4405797101449275,lowCap
1506,Laxmi Cotspin Limited,LAXMICOT,2021-11-12,43.9,25.6,0.0,24.7,0.0,-4.89,-11.6,10.0,29.2,17.2,2021,11,5,1.0364372469635628,lowCap
1507,Educomp Solutions Limited,EDUCOMP,2006-01-13,43.7,3.57,0.0,-240.0,0.0,0.0,0.0,2.0,4.49,1.25,2006,1,20,-0.014875,lowCap
1508,STL Global Limited,SGL,2006-04-10,43.4,15.8,4.11,0.0,0.0,0.0,0.0,10.0,22.7,11.0,2006,4,20,inf,lowCap
1509,Next Mediaworks Limited,NEXTMEDIA,2001-04-04,41.7,6.23,0.0,-11.4,0.0,-8.9,0.0,10.0,8.86,3.8,2001,4,25,-0.5464912280701755,lowCap
1510,Ace Integrated Solutions Limited,ACEINTEG,2022-11-04,41.0,40.2,87.1,17.9,0.0,0.0,0.0,10.0,82.3,30.6,2022,11,4,2.245810055865922,lowCap
1511,TECIL Chemicals and Hydro Power Limited,TECILCHEM,1995-12-06,40.1,21.1,0.0,0.0,0.0,0.0,0.0,10.0,39.2,16.0,1995,12,31,inf,lowCap
1512,Williamson Magor & Company Limited,WILLAMAGOR,1995-02-08,39.5,36.0,5.93,-84.7,0.0,-6.51,0.0,10.0,49.4,17.2,1995,2,31,-0.42502951593860683,lowCap
1513,Balkrishna Paper Mills Limited,BALKRISHNA,2015-07-28,39.2,36.5,0.0,69.9,0.0,-5.94,-22.6,10.0,44.4,23.0,2015,7,11,0.5221745350500715,lowCap
1514,Future Market Networks Limited,FMNL,2010-12-31,35.1,6.1,0.0,4.05,0.0,13.9,-396.0,10.0,7.4,3.8,2010,12,16,1.5061728395061729,lowCap
1515,21st Century Management Services Limited,STCENMGM,1995-05-03,34.4,32.8,0.0,26.4,0.0,-57.7,-70.6,10.0,33.5,16.5,1995,5,31,1.2424242424242424,lowCap
1516,Kshitij Polyline Limited,KSHITIJPOL,2022-07-27,33.9,6.7,67.9,11.5,0.0,6.09,2.68,2.0,42.6,4.75,2022,7,4,0.5826086956521739,lowCap
1517,NK Industries Limited,NKIND,1995-07-07,33.8,56.3,0.0,-573.0,0.0,0.0,0.0,10.0,94.4,0.0,1995,7,31,-0.09825479930191972,lowCap
1518,Rollatainers Limited,ROLLT,2016-11-22,33.5,1.34,0.0,0.23,0.0,-0.98,-16.8,1.0,1.8,0.85,2016,11,10,5.826086956521739,lowCap
1519,Kridhan Infra Limited,KRIDHANINF,2015-12-11,32.6,3.44,0.0,-37.7,0.0,0.0,0.0,2.0,3.9,1.65,2015,12,11,-0.09124668435013261,lowCap
1520,Impex Ferro Tech Limited,IMPEXFERRO,2005-02-03,30.3,3.45,0.0,8.37,0.0,0.0,0.0,10.0,4.24,1.95,2005,2,21,0.41218637992831547,lowCap
1521,Kaushalya Infrastructure Development Corporation Limited,KAUSHALYA,2007-12-14,30.2,8.73,1.79,16.8,0.0,22.6,33.4,10.0,10.6,3.55,2007,12,19,0.5196428571428572,lowCap
1522,Kavveri Telecom Products Limited,KAVVERITEL,2008-01-29,29.6,14.7,0.93,28.4,0.0,25.0,103.0,10.0,17.0,4.4,2008,1,18,0.5176056338028169,lowCap
1523,Uniinfo Telecom Services Limited,UNIINFO,2022-01-12,29.0,27.2,16.6,31.0,0.0,3.09,1.91,10.0,41.3,15.1,2022,1,4,0.8774193548387097,lowCap
1524,MT Educare Limited,MTEDUCARE,2012-04-12,29.0,4.01,0.0,6.53,0.0,-16.4,-43.9,10.0,7.65,3.0,2012,4,14,0.6140888208269525,lowCap
1525,LCC Infotech Limited,LCCINFOTEC,2000-03-02,28.5,2.25,0.0,2.8,0.0,-1.03,-1.14,2.0,2.77,1.4,2000,3,26,0.8035714285714286,lowCap
1526,Infomedia Press Limited,INFOMEDIA,2006-10-12,28.1,5.6,0.0,2.12,0.0,-38.5,-107.0,10.0,7.01,3.9,2006,10,20,2.641509433962264,lowCap
1527,California Software Company Limited,CALSOFT,2000-06-28,28.1,18.2,0.0,7.65,0.0,1.61,1.69,10.0,23.2,11.3,2000,6,26,2.3790849673202614,lowCap
1528,Khaitan (India) Limited,KHAITANLTD,1995-12-20,27.8,58.4,0.0,31.4,0.0,0.0,0.0,10.0,69.4,37.4,1995,12,31,1.8598726114649682,lowCap
1529,Hybrid Financial Services Limited,HYBRIDFIN,2022-12-05,27.0,9.17,26.2,10.1,0.0,4.33,3.45,5.0,21.1,6.91,2022,12,4,0.907920792079208,lowCap
1530,Mohit Industries Limited,MOHITIND,2013-03-14,24.6,17.4,0.0,155.0,0.0,1.49,-0.92,10.0,23.0,11.0,2013,3,13,0.11225806451612902,lowCap
1531,Winsome Yarns Limited,WINSOME,2011-08-25,24.0,3.4,0.0,-57.8,0.0,-16.3,0.0,10.0,9.0,3.25,2011,8,15,-0.058823529411764705,lowCap
1532,Onelife Capital Advisors Limited,ONELIFECAP,2011-10-17,22.7,17.0,0.0,60.9,0.0,-1.01,-2.98,10.0,23.9,10.8,2011,10,15,0.2791461412151067,lowCap
1533,Lypsa Gems & Jewellery Limited,LYPSAGEMS,2013-11-05,21.2,7.2,0.0,21.8,0.0,-47.6,-53.1,10.0,8.0,3.25,2013,11,13,0.3302752293577982,lowCap
1534,Spentex Industries Limited,SPENTEX,2006-12-20,20.7,2.31,0.0,-109.0,0.0,0.0,0.0,10.0,3.55,0.8,2006,12,20,-0.021192660550458715,lowCap
1535,Shanti Overseas (India) Limited,SHANTI,2021-09-16,20.0,18.0,0.0,13.0,0.0,-30.5,-21.3,10.0,23.5,13.6,2021,9,5,1.3846153846153846,lowCap
1536,Eastern Silk Industries Limited,EASTSILK,1996-07-03,19.7,2.49,0.39,41.2,0.0,0.0,0.0,2.0,4.34,1.75,1996,7,30,0.0604368932038835,lowCap
1537,Ortin Laboratories Limited,ORTINLAB,2021-03-30,18.6,22.9,0.0,0.0,0.0,0.0,0.0,10.0,30.4,16.2,2021,3,5,inf,lowCap
1538,Silly Monks Entertainment Limited,SILLYMONKS,2020-07-08,17.2,16.8,0.0,6.98,0.0,-57.2,-48.2,10.0,31.6,14.1,2020,7,6,2.4068767908309456,lowCap
1539,Omkar Speciality Chemicals Limited,OMKARCHEM,2011-02-10,17.1,8.3,0.45,106.0,0.0,18.0,17.0,10.0,17.3,6.8,2011,2,15,0.07830188679245284,lowCap
1540,Usha Martin Education & Solutions Limited,UMESLTD,2010-07-12,16.2,6.15,116.0,5.38,0.0,1.49,0.5,1.0,8.02,2.81,2010,7,16,1.1431226765799258,lowCap
1541,Viji Finance Limited,VIJIFIN,2016-07-11,15.9,1.93,0.0,1.47,0.0,4.27,3.64,1.0,3.55,1.41,2016,7,10,1.3129251700680271,lowCap
1542,TV Vision Limited,TVVISION,2016-09-15,15.0,3.88,0.0,-28.0,0.0,0.0,0.0,10.0,4.91,2.0,2016,9,10,-0.13857142857142857,lowCap
1543,Gujarat Lease Financing Limited,GLFL,1995-02-08,13.5,4.98,0.0,-2.69,0.0,-4.61,0.0,10.0,5.77,2.25,1995,2,31,-1.8513011152416359,lowCap
1544,Rajdarshan Industries Limited,ARENTERP,1995-10-18,13.1,42.2,32.8,71.0,0.0,1.52,1.42,10.0,64.4,26.4,1995,10,31,0.5943661971830986,lowCap
1545,Kalyani Commercials Limited,KALYANI,2017-02-13,11.9,119.0,4.93,133.0,0.0,11.5,20.3,10.0,0.0,0.0,2017,2,9,0.8947368421052632,lowCap
1546,Sri Adhikari Brothers Television Network Limited,SABTN,2007-11-16,11.3,3.24,0.0,-31.6,0.0,0.0,0.0,10.0,3.24,1.25,2007,11,19,-0.10253164556962026,lowCap
1547,Radaan Mediaworks India Limited,RADAAN,2003-02-27,10.3,1.9,0.0,-2.66,0.0,3.47,0.0,2.0,2.2,1.16,2003,2,23,-0.7142857142857142,lowCap
1548,DCM Financial Services Limited,DCMFINSERV,1997-05-21,9.96,4.5,0.0,-21.8,0.0,-2.97,0.0,10.0,7.6,3.25,1997,5,29,-0.20642201834862384,lowCap
1549,Premier Limited,PREMIER,1996-04-03,9.57,3.15,0.0,-107.0,0.0,0.0,0.0,10.0,4.41,1.8,1996,4,30,-0.029439252336448597,lowCap
1550,Bkm Industries Limited,BKMINDST,2015-03-30,8.78,1.34,0.0,20.5,0.0,-9.03,-18.4,1.0,1.63,0.65,2015,3,11,0.06536585365853659,lowCap
1551,Sanco Industries Limited,SANCO,2016-11-22,8.37,6.4,0.0,12.8,0.0,-27.8,-91.5,10.0,10.4,5.2,2016,11,10,0.5,lowCap
1552,Alps Industries Limited,ALPSINDUS,1996-04-24,8.36,2.14,0.0,-205.0,0.0,0.0,0.0,10.0,2.85,1.17,1996,4,30,-0.010439024390243903,lowCap
1553,Univa Foods Limited,UNIVAFOODS,1996-04-03,6.45,4.5,0.0,6.63,0.0,0.21,-0.12,10.0,6.97,3.75,1996,4,30,0.6787330316742082,lowCap
1554,Blue Coast Hotels Limited,BLUECOAST,2000-02-16,6.4,5.02,0.0,-95.2,0.0,-14.5,0.0,10.0,7.7,3.43,2000,2,26,-0.05273109243697478,lowCap
1555,Melstar Information Technologies Limited,MELSTAR,2000-03-07,5.94,4.16,0.0,5.16,0.0,7.07,-5.02,10.0,4.88,1.85,2000,3,26,0.8062015503875969,lowCap
1556,Lakshmi Precision Screws Limited,LAKPRE,2006-09-26,5.91,5.4,0.0,23.6,0.0,0.29,-84.5,10.0,6.8,3.37,2006,9,20,0.2288135593220339,lowCap
1557,IMP Powers Limited,INDLMETER,1996-01-10,4.84,5.6,0.0,-295.0,0.0,-65.1,0.0,10.0,7.8,2.9,1996,1,30,-0.018983050847457626,lowCap
1558,Akshar Spintex Limited,AKSHAR,2022-05-23,0.0,0.0,0.0,0.0,0.0,0.0,0.0,0.0,0.0,0.0,2022,5,4,,lowCap
1559,Lords Chloro Alkali Limited,LORDSCHLO,2023-08-28,0.0,0.0,0.0,0.0,0.0,0.0,0.0,0.0,0.0,0.0,2023,8,3,,lowCap
1560,Manorama Industries Limited,MANORAMA,2022-07-01,0.0,0.0,0.0,0.0,0.0,0.0,0.0,0.0,0.0,0.0,2022,7,4,,lowCap
1561,Manomay Tex India Limited,MANOMAY,2023-01-18,0.0,0.0,0.0,0.0,0.0,0.0,0.0,0.0,0.0,0.0,2023,1,3,,lowCap
1562,Mangalam Cement Limited,MANGLMCEM,1996-01-03,0.0,0.0,0.0,0.0,0.0,0.0,0.0,0.0,0.0,0.0,1996,1,30,,lowCap
1563,Manaksia Aluminium Company Limited,MANAKALUCO,2015-03-30,0.0,0.0,0.0,0.0,0.0,0.0,0.0,0.0,0.0,0.0,2015,3,11,,lowCap
1564,Ahlada Engineers Limited,AHLADA,2021-01-28,0.0,0.0,0.0,0.0,0.0,0.0,0.0,0.0,0.0,0.0,2021,1,5,,lowCap
1565,Agro Phos India Limited,AGROPHOS,2019-03-08,0.0,0.0,0.0,0.0,0.0,0.0,0.0,0.0,0.0,0.0,2019,3,7,,lowCap
1566,Magadh Sugar & Energy Limited,MAGADSUGAR,2017-07-28,0.0,0.0,0.0,0.0,0.0,0.0,0.0,0.0,0.0,0.0,2017,7,9,,lowCap
1567,Madras Fertilizers Limited,MADRASFERT,1997-07-25,0.0,0.0,0.0,0.0,0.0,0.0,0.0,0.0,0.0,0.0,1997,7,29,,lowCap
1568,Oil Country Tubular Limited,OILCOUNTUB,1995-08-30,0.0,0.0,0.0,0.0,0.0,0.0,0.0,0.0,0.0,0.0,1995,8,31,,lowCap
1569,Maral Overseas Limited,MARALOVER,1995-02-08,0.0,0.0,0.0,0.0,0.0,0.0,0.0,0.0,0.0,0.0,1995,2,31,,lowCap
1570,AAA Technologies Limited,AAATECH,2022-11-28,0.0,0.0,0.0,0.0,0.0,0.0,0.0,0.0,0.0,0.0,2022,11,4,,lowCap
1571,Albert David Limited,ALBERTDAVD,2016-06-14,0.0,0.0,0.0,0.0,0.0,0.0,0.0,0.0,0.0,0.0,2016,6,10,,lowCap
1572,Aaron Industries Limited,AARON,2020-11-06,0.0,0.0,0.0,0.0,0.0,0.0,0.0,0.0,0.0,0.0,2020,11,6,,lowCap
1573,ANDHRA PAPER LIMITED,ANDHRAPAP,2004-05-13,0.0,0.0,0.0,0.0,0.0,0.0,0.0,0.0,0.0,0.0,2004,5,22,,lowCap
1574,De Nora India Limited,DENORA,1997-08-07,0.0,0.0,0.0,0.0,0.0,0.0,0.0,0.0,0.0,0.0,1997,8,29,,lowCap
1575,Gillette India Limited,GILLETTE,2003-07-30,0.0,0.0,0.0,0.0,0.0,0.0,0.0,0.0,0.0,0.0,2003,7,23,,lowCap
1576,Par Drugs And Chemicals Limited,PAR,2021-09-16,0.0,0.0,0.0,0.0,0.0,0.0,0.0,0.0,0.0,0.0,2021,9,5,,lowCap
1577,Garden Reach Shipbuilders & Engineers Limited,GRSE,2018-10-10,0.0,0.0,0.0,0.0,0.0,0.0,0.0,0.0,0.0,0.0,2018,10,8,,lowCap
1578,The Grob Tea Company Limited,GROBTEA,2016-07-14,0.0,0.0,0.0,0.0,0.0,0.0,0.0,0.0,0.0,0.0,2016,7,10,,lowCap
1579,Plastiblends India Limited,PLASTIBLEN,2006-12-28,0.0,0.0,0.0,0.0,0.0,0.0,0.0,0.0,0.0,0.0,2006,12,20,,lowCap
1580,Poddar Pigments Limited,PODDARMENT,2016-11-22,0.0,0.0,0.0,0.0,0.0,0.0,0.0,0.0,0.0,0.0,2016,11,10,,lowCap
1581,PNB Gilts Limited,PNBGILTS,2000-09-18,0.0,0.0,0.0,0.0,0.0,0.0,0.0,0.0,0.0,0.0,2000,9,26,,lowCap
1582,Zodiac Energy Limited,ZODIAC,2021-12-14,0.0,0.0,0.0,0.0,0.0,0.0,0.0,0.0,0.0,0.0,2021,12,5,,lowCap
1583,Marshall Machines Limited,MARSHALL,2021-11-22,0.0,0.0,0.0,0.0,0.0,0.0,0.0,0.0,0.0,0.0,2021,11,5,,lowCap
1584,Aarey Drugs & Pharmaceuticals Limited,AAREYDRUGS,2021-08-06,0.0,0.0,0.0,0.0,0.0,0.0,0.0,0.0,0.0,0.0,2021,8,5,,lowCap
1585,E2E Networks Limited,E2E,2022-04-12,0.0,0.0,0.0,0.0,0.0,0.0,0.0,0.0,0.0,0.0,2022,4,4,,lowCap
1586,HP Adhesives Limited,HPAL,2021-12-27,0.0,0.0,0.0,0.0,0.0,0.0,0.0,0.0,0.0,0.0,2021,12,5,,lowCap
1587,Digjam Limited,DIGJAMLMTD,2021-10-18,0.0,0.0,0.0,0.0,0.0,0.0,0.0,0.0,0.0,0.0,2021,10,5,,lowCap
1588,Norben Tea & Exports Limited,NORBTEAEXP,1996-06-26,0.0,0.0,0.0,0.0,0.0,0.0,0.0,0.0,0.0,0.0,1996,6,30,,lowCap
1589,Techindia Nirman Limited,TECHIN,2011-09-08,0.0,0.0,0.0,0.0,0.0,0.0,0.0,0.0,0.0,0.0,2011,9,15,,lowCap
1590,Magnum Ventures Limited,MAGNUM,2007-09-20,0.0,0.0,0.0,0.0,0.0,0.0,0.0,0.0,0.0,0.0,2007,9,19,,lowCap
1591,Alkali Metals Limited,ALKALI,2008-11-06,0.0,0.0,0.0,0.0,0.0,0.0,0.0,0.0,0.0,0.0,2008,11,18,,lowCap
1592,Vaxtex Cotfab Limited,VCL,2022-04-19,0.0,0.0,0.0,0.0,0.0,0.0,0.0,0.0,0.0,0.0,2022,4,4,,lowCap
1593,Vaswani Industries Limited,VASWANI,2011-09-20,0.0,0.0,0.0,0.0,0.0,0.0,0.0,0.0,0.0,0.0,2011,9,15,,lowCap
1594,Vardhman Acrylics Limited,VARDHACRLC,2003-09-30,0.0,0.0,0.0,0.0,0.0,0.0,0.0,0.0,0.0,0.0,2003,9,23,,lowCap
1595,Vaishali Pharma Limited,VAISHALI,2020-01-15,0.0,0.0,0.0,0.0,0.0,0.0,0.0,0.0,0.0,0.0,2020,1,6,,lowCap
1596,ICICI Lombard General Insurance Company Limited,ICICIGI,2017-09-27,0.0,0.0,0.0,0.0,0.0,0.0,0.0,0.0,0.0,0.0,2017,9,9,,lowCap
1597,Dhruv Consultancy Services Limited,DHRUV,2021-11-25,0.0,0.0,0.0,0.0,0.0,0.0,0.0,0.0,0.0,0.0,2021,11,5,,lowCap
1598,Dharmaj Crop Guard Limited,DHARMAJ,2022-12-08,0.0,0.0,0.0,0.0,0.0,0.0,0.0,0.0,0.0,0.0,2022,12,4,,lowCap
1599,Dhanlaxmi Bank Limited,DHANBANK,2004-04-01,0.0,0.0,0.0,0.0,0.0,0.0,0.0,0.0,0.0,0.0,2004,4,22,,lowCap
1600,T T Limited,TTL,2007-02-22,0.0,0.0,0.0,0.0,0.0,0.0,0.0,0.0,0.0,0.0,2007,2,19,,lowCap
1601,NMDC Steel Limited,NSLNISP,2023-02-20,0.0,0.0,0.0,0.0,0.0,0.0,0.0,0.0,0.0,0.0,2023,2,3,,lowCap
1602,RPG Life Sciences Limited,RPGLIFE,2008-06-10,0.0,0.0,0.0,0.0,0.0,0.0,0.0,0.0,0.0,0.0,2008,6,18,,lowCap
1603,HEC Infra Projects Limited,HECPROJECT,2021-12-30,0.0,0.0,0.0,0.0,0.0,0.0,0.0,0.0,0.0,0.0,2021,12,5,,lowCap
1604,ESAF Small Finance Bank Limited,ESAFSFB,2023-11-10,0.0,0.0,0.0,0.0,0.0,0.0,0.0,0.0,0.0,0.0,2023,11,3,,lowCap
1605,Equitas Small Finance Bank Limited,EQUITASBNK,2020-11-02,0.0,0.0,0.0,0.0,0.0,0.0,0.0,0.0,0.0,0.0,2020,11,6,,lowCap
1606,Emmbi Industries Limited,EMMBI,2010-02-24,0.0,0.0,0.0,0.0,0.0,0.0,0.0,0.0,0.0,0.0,2010,2,16,,lowCap
1607,Emami Paper Mills Limited,EMAMIPAP,2019-05-30,0.0,0.0,0.0,0.0,0.0,0.0,0.0,0.0,0.0,0.0,2019,5,7,,lowCap
1608,Orient Press Limited,ORIENTLTD,2010-03-03,0.0,0.0,0.0,0.0,0.0,0.0,0.0,0.0,0.0,0.0,2010,3,16,,lowCap
1609,Orient Electric Limited,ORIENTELEC,2018-05-14,0.0,0.0,0.0,0.0,0.0,0.0,0.0,0.0,0.0,0.0,2018,5,8,,lowCap
1610,Tracxn Technologies Limited,TRACXN,2022-10-20,0.0,0.0,0.0,0.0,0.0,0.0,0.0,0.0,0.0,0.0,2022,10,4,,lowCap
1611,Cyient DLM Limited,CYIENTDLM,2023-07-10,0.0,0.0,0.0,0.0,0.0,0.0,0.0,0.0,0.0,0.0,2023,7,3,,lowCap
1612,N R Agarwal Industries Limited,NRAIL,2017-04-05,0.0,0.0,0.0,0.0,0.0,0.0,0.0,0.0,0.0,0.0,2017,4,9,,lowCap
1613,Deccan Cements Limited,DECCANCE,2007-08-02,0.0,0.0,0.0,0.0,0.0,0.0,0.0,0.0,0.0,0.0,2007,8,19,,lowCap
1614,Rushil Decor Limited,RUSHIL,2011-07-07,0.0,0.0,0.0,0.0,0.0,0.0,0.0,0.0,0.0,0.0,2011,7,15,,lowCap
1615,Ruchira Papers Limited,RUCHIRA,2006-12-20,0.0,0.0,0.0,0.0,0.0,0.0,0.0,0.0,0.0,0.0,2006,12,20,,lowCap
1616,CSB Bank Limited,CSBBANK,2019-12-04,0.0,0.0,0.0,0.0,0.0,0.0,0.0,0.0,0.0,0.0,2019,12,7,,lowCap
1617,Crown Lifters Limited,CROWN,2022-02-08,0.0,0.0,0.0,0.0,0.0,0.0,0.0,0.0,0.0,0.0,2022,2,4,,lowCap
1618,Creative Eye Limited,CREATIVEYE,2000-12-20,0.0,0.0,0.0,0.0,0.0,0.0,0.0,0.0,0.0,0.0,2000,12,26,,lowCap
1619,Country Condo's Limited,COUNCODOS,2009-01-22,0.0,0.0,0.0,0.0,0.0,0.0,0.0,0.0,0.0,0.0,2009,1,17,,lowCap
1620,Dc Infotech And Communication Limited,DCI,2022-10-19,0.0,0.0,0.0,0.0,0.0,0.0,0.0,0.0,0.0,0.0,2022,10,4,,lowCap
1621,Data Patterns (India) Limited,DATAPATTNS,2021-12-24,0.0,0.0,0.0,0.0,0.0,0.0,0.0,0.0,0.0,0.0,2021,12,5,,lowCap
1622,Nitin Spinners Limited,NITINSPIN,2006-02-02,0.0,0.0,0.0,0.0,0.0,0.0,0.0,0.0,0.0,0.0,2006,2,20,,lowCap
1623,Niraj Ispat Industries Limited,NIRAJISPAT,2016-10-27,0.0,0.0,0.0,0.0,0.0,0.0,0.0,0.0,0.0,0.0,2016,10,10,,lowCap
1624,Uttam Sugar Mills Limited,UTTAMSUGAR,2006-04-10,0.0,0.0,0.0,0.0,0.0,0.0,0.0,0.0,0.0,0.0,2006,4,20,,lowCap
1625,Utkarsh Small Finance Bank Limited,UTKARSHBNK,2023-07-21,0.0,0.0,0.0,0.0,0.0,0.0,0.0,0.0,0.0,0.0,2023,7,3,,lowCap
1626,Damodar Industries Limited,DAMODARIND,2016-07-04,0.0,0.0,0.0,0.0,0.0,0.0,0.0,0.0,0.0,0.0,2016,7,10,,lowCap
1627,Indian Terrain Fashions Limited,INDTERRAIN,2011-03-11,0.0,0.0,0.0,0.0,0.0,0.0,0.0,0.0,0.0,0.0,2011,3,15,,lowCap
1628,Indraprastha Medical Corporation Limited,INDRAMEDCO,1997-04-17,0.0,0.0,0.0,0.0,0.0,0.0,0.0,0.0,0.0,0.0,1997,4,29,,lowCap
1629,Indo Tech Transformers Limited,INDOTECH,2006-03-16,0.0,0.0,0.0,0.0,0.0,0.0,0.0,0.0,0.0,0.0,2006,3,20,,lowCap
1630,Honda India Power Products Limited,HONDAPOWER,2003-04-01,0.0,0.0,0.0,0.0,0.0,0.0,0.0,0.0,0.0,0.0,2003,4,23,,lowCap
1631,Honeywell Automation India Limited,HONAUT,2003-07-18,0.0,0.0,0.0,0.0,0.0,0.0,0.0,0.0,0.0,0.0,2003,7,23,,lowCap
1632,Tamilnad Mercantile Bank Limited,TMB,2022-09-15,0.0,0.0,0.0,0.0,0.0,0.0,0.0,0.0,0.0,0.0,2022,9,4,,lowCap
1633,Nakoda Group of Industries Limited,NGIL,2021-08-20,0.0,0.0,0.0,0.0,0.0,0.0,0.0,0.0,0.0,0.0,2021,8,5,,lowCap
1634,NINtec Systems Limited,NINSYS,2023-02-21,0.0,0.0,0.0,0.0,0.0,0.0,0.0,0.0,0.0,0.0,2023,2,3,,lowCap
1635,Ingersoll Rand (India) Limited,INGERRAND,1999-04-15,0.0,0.0,0.0,0.0,0.0,0.0,0.0,0.0,0.0,0.0,1999,4,27,,lowCap
1636,Prakash Pipes Limited,PPL,2019-06-14,0.0,0.0,0.0,0.0,0.0,0.0,0.0,0.0,0.0,0.0,2019,6,7,,lowCap
1637,TTK Healthcare Limited,TTKHLTCARE,2015-12-02,0.0,0.0,0.0,0.0,0.0,0.0,0.0,0.0,0.0,0.0,2015,12,11,,lowCap
1638,Home First Finance Company India Limited,HOMEFIRST,2021-02-03,0.0,0.0,0.0,0.0,0.0,0.0,0.0,0.0,0.0,0.0,2021,2,5,,lowCap
1639,HeidelbergCement India Limited,HEIDELBERG,1995-03-15,0.0,0.0,0.0,0.0,0.0,0.0,0.0,0.0,0.0,0.0,1995,3,31,,lowCap
1640,Sab Events & Governance Now Media Limited,SABEVENTS,2016-09-15,0.0,0.0,0.0,0.0,0.0,0.0,0.0,0.0,0.0,0.0,2016,9,10,,lowCap
1641,Chaman Lal Setia Exports Limited,CLSEL,2021-05-12,0.0,0.0,0.0,0.0,0.0,0.0,0.0,0.0,0.0,0.0,2021,5,5,,lowCap
1642,Tips Films Limited,TIPSFILMS,2022-10-06,0.0,0.0,0.0,0.0,0.0,0.0,0.0,0.0,0.0,0.0,2022,10,4,,lowCap
1643,The Tinplate Company of India Limited,TINPLATE,2006-01-27,0.0,0.0,0.0,0.0,0.0,0.0,0.0,0.0,0.0,0.0,2006,1,20,,lowCap
1644,Timken India Limited,TIMKEN,2007-02-06,0.0,0.0,0.0,0.0,0.0,0.0,0.0,0.0,0.0,0.0,2007,2,19,,lowCap
1645,Times Guaranty Limited,TIMESGTY,2002-06-11,0.0,0.0,0.0,0.0,0.0,0.0,0.0,0.0,0.0,0.0,2002,6,24,,lowCap
1646,Cubex Tubings Limited,CUBEXTUB,1996-04-24,0.0,0.0,0.0,0.0,0.0,0.0,0.0,0.0,0.0,0.0,1996,4,30,,lowCap
1647,CSL Finance Limited,CSLFINANCE,2022-07-21,0.0,0.0,0.0,0.0,0.0,0.0,0.0,0.0,0.0,0.0,2022,7,4,,lowCap
1648,Suryoday Small Finance Bank Limited,SURYODAY,2021-03-26,0.0,0.0,0.0,0.0,0.0,0.0,0.0,0.0,0.0,0.0,2021,3,5,,lowCap
1649,Reliance Home Finance Limited,RHFL,2017-09-22,0.0,0.0,0.0,0.0,0.0,0.0,0.0,0.0,0.0,0.0,2017,9,9,,lowCap
1650,Reliance Chemotex Industries Limited,RELCHEMQ,2022-05-25,0.0,0.0,0.0,0.0,0.0,0.0,0.0,0.0,0.0,0.0,2022,5,4,,lowCap
1651,Relaxo Footwears Limited,RELAXO,2011-06-17,0.0,0.0,0.0,0.0,0.0,0.0,0.0,0.0,0.0,0.0,2011,6,15,,lowCap
1652,Euro India Fresh Foods Limited,EIFFL,2021-10-12,0.0,0.0,0.0,0.0,0.0,0.0,0.0,0.0,0.0,0.0,2021,10,5,,lowCap
1653,Cords Cable Industries Limited,CORDSCABLE,2008-02-13,0.0,0.0,0.0,0.0,0.0,0.0,0.0,0.0,0.0,0.0,2008,2,18,,lowCap
1654,Coral India Finance & Housing Limited,CORALFINAC,1996-03-25,0.0,0.0,0.0,0.0,0.0,0.0,0.0,0.0,0.0,0.0,1996,3,30,,lowCap
1655,Regency Ceramics Limited,REGENCERAM,1996-06-05,0.0,0.0,0.0,0.0,0.0,0.0,0.0,0.0,0.0,0.0,1996,6,30,,lowCap
1656,RBZ Jewellers Limited,RBZJEWEL,2023-12-27,0.0,0.0,0.0,0.0,0.0,0.0,0.0,0.0,0.0,0.0,2023,12,3,,lowCap
1657,Rane Brake Lining Limited,RBL,2008-06-20,0.0,0.0,0.0,0.0,0.0,0.0,0.0,0.0,0.0,0.0,2008,6,18,,lowCap
1658,Ratnaveer Precision Engineering Limited,RATNAVEER,2023-09-11,0.0,0.0,0.0,0.0,0.0,0.0,0.0,0.0,0.0,0.0,2023,9,3,,lowCap
1659,Rane Engine Valve Limited,RANEENGINE,2008-06-24,0.0,0.0,0.0,0.0,0.0,0.0,0.0,0.0,0.0,0.0,2008,6,18,,lowCap
1660,Venus Pipes & Tubes Limited,VENUSPIPES,2022-05-24,0.0,0.0,0.0,0.0,0.0,0.0,0.0,0.0,0.0,0.0,2022,5,4,,lowCap
1661,Venky's (India) Limited,VENKEYS,2003-07-28,0.0,0.0,0.0,0.0,0.0,0.0,0.0,0.0,0.0,0.0,2003,7,23,,lowCap
1662,Tamilnadu Telecommunication Limited,TNTELE,2003-02-04,0.0,0.0,0.0,0.0,0.0,0.0,0.0,0.0,0.0,0.0,2003,2,23,,lowCap
1663,Tamil Nadu Newsprint & Papers Limited,TNPL,1996-02-14,0.0,0.0,0.0,0.0,0.0,0.0,0.0,0.0,0.0,0.0,1996,2,30,,lowCap
1664,Indian Railway Catering And Tourism Corporation Limited,IRCTC,2019-10-14,0.0,0.0,0.0,0.0,0.0,0.0,0.0,0.0,0.0,0.0,2019,10,7,,lowCap
1665,Vesuvius India Limited,VESUVIUS,2002-10-04,0.0,0.0,0.0,0.0,0.0,0.0,0.0,0.0,0.0,0.0,2002,10,24,,lowCap
1666,Orient Cement Limited,ORIENTCEM,2013-07-12,0.0,0.0,0.0,0.0,0.0,0.0,0.0,0.0,0.0,0.0,2013,7,13,,lowCap
1667,Oriental Trimex Limited,ORIENTALTL,2007-03-07,0.0,0.0,0.0,0.0,0.0,0.0,0.0,0.0,0.0,0.0,2007,3,19,,lowCap
1668,Swaraj Engines Limited,SWARAJENG,1995-12-06,0.0,0.0,0.0,0.0,0.0,0.0,0.0,0.0,0.0,0.0,1995,12,31,,lowCap
1669,Shree Vasu Logistics Limited,SVLL,2023-04-21,0.0,0.0,0.0,0.0,0.0,0.0,0.0,0.0,0.0,0.0,2023,4,3,,lowCap
1670,Robust Hotels Limited,RHL,2023-04-25,0.0,0.0,0.0,0.0,0.0,0.0,0.0,0.0,0.0,0.0,2023,4,3,,lowCap
1671,United Polyfab Gujarat Limited,UNITEDPOLY,2021-12-31,0.0,0.0,0.0,0.0,0.0,0.0,0.0,0.0,0.0,0.0,2021,12,5,,lowCap
1672,Rajnandini Metal Limited,RAJMET,2021-02-16,0.0,0.0,0.0,0.0,0.0,0.0,0.0,0.0,0.0,0.0,2021,2,5,,lowCap
1673,Hitachi Energy India Limited,POWERINDIA,2020-03-30,0.0,0.0,0.0,0.0,0.0,0.0,0.0,0.0,0.0,0.0,2020,3,6,,lowCap
1674,Raj Oil Mills Limited,ROML,2020-10-06,0.0,0.0,0.0,0.0,0.0,0.0,0.0,0.0,0.0,0.0,2020,10,6,,lowCap
1675,Rolex Rings Limited,ROLEXRINGS,2021-08-09,0.0,0.0,0.0,0.0,0.0,0.0,0.0,0.0,0.0,0.0,2021,8,5,,lowCap
1676,Ravi Kumar Distilleries Limited,RKDL,2010-12-27,0.0,0.0,0.0,0.0,0.0,0.0,0.0,0.0,0.0,0.0,2010,12,16,,lowCap
1677,DJ Mediaprint & Logistics Limited,DJML,2022-12-05,0.0,0.0,0.0,0.0,0.0,0.0,0.0,0.0,0.0,0.0,2022,12,4,,lowCap
1678,Divgi Torqtransfer Systems Limited,DIVGIITTS,2023-03-14,0.0,0.0,0.0,0.0,0.0,0.0,0.0,0.0,0.0,0.0,2023,3,3,,lowCap
1679,Debock Industries Limited,DIL,2022-03-31,0.0,0.0,0.0,0.0,0.0,0.0,0.0,0.0,0.0,0.0,2022,3,4,,lowCap
1680,Jagsonpal Pharmaceuticals Limited,JAGSNPHARM,2000-03-01,0.0,0.0,0.0,0.0,0.0,0.0,0.0,0.0,0.0,0.0,2000,3,26,,lowCap
1681,Netweb Technologies India Limited,NETWEB,2023-07-27,0.0,0.0,0.0,0.0,0.0,0.0,0.0,0.0,0.0,0.0,2023,7,3,,lowCap
1682,Nestle India Limited,NESTLEIND,2023-08-01,0.0,0.0,0.0,0.0,0.0,0.0,0.0,0.0,0.0,0.0,2023,8,3,,lowCap
1683,Tirupati Forge Limited,TIRUPATIFL,2020-08-04,0.0,0.0,0.0,0.0,0.0,0.0,0.0,0.0,0.0,0.0,2020,8,6,,lowCap
1684,TIPS Industries Limited,TIPSINDLTD,2000-11-10,0.0,0.0,0.0,0.0,0.0,0.0,0.0,0.0,0.0,0.0,2000,11,26,,lowCap
1685,S.A.L. Steel Limited,SALSTEEL,2004-11-24,0.0,0.0,0.0,0.0,0.0,0.0,0.0,0.0,0.0,0.0,2004,11,22,,lowCap
1686,Salona Cotspin Limited,SALONA,2016-06-16,0.0,0.0,0.0,0.0,0.0,0.0,0.0,0.0,0.0,0.0,2016,6,10,,lowCap
1687,Sahyadri Industries Limited,SAHYADRI,2023-04-06,0.0,0.0,0.0,0.0,0.0,0.0,0.0,0.0,0.0,0.0,2023,4,3,,lowCap
1688,Chemcon Speciality Chemicals Limited,CHEMCON,2020-10-01,0.0,0.0,0.0,0.0,0.0,0.0,0.0,0.0,0.0,0.0,2020,10,6,,lowCap
1689,Century Extrusions Limited,CENTEXT,2004-07-20,0.0,0.0,0.0,0.0,0.0,0.0,0.0,0.0,0.0,0.0,2004,7,22,,lowCap
1690,Sanghi Industries Limited,SANGHIIND,1995-05-10,0.0,0.0,0.0,0.0,0.0,0.0,0.0,0.0,0.0,0.0,1995,5,31,,lowCap
1691,Celebrity Fashions Limited,CELEBRITY,2006-01-12,0.0,0.0,0.0,0.0,0.0,0.0,0.0,0.0,0.0,0.0,2006,1,20,,lowCap
1692,Sanginita Chemicals Limited,SANGINITA,2019-07-15,0.0,0.0,0.0,0.0,0.0,0.0,0.0,0.0,0.0,0.0,2019,7,7,,lowCap
1693,IVP Limited,IVP,1995-09-13,0.0,0.0,0.0,0.0,0.0,0.0,0.0,0.0,0.0,0.0,1995,9,31,,lowCap
1694,Iris Clothings Limited,IRISDOREME,2021-02-22,0.0,0.0,0.0,0.0,0.0,0.0,0.0,0.0,0.0,0.0,2021,2,5,,lowCap
1695,Indian Railway Finance Corporation Limited,IRFC,2021-01-29,0.0,0.0,0.0,0.0,0.0,0.0,0.0,0.0,0.0,0.0,2021,1,5,,lowCap
1696,Nandan Denim Limited,NDL,2012-03-23,0.0,0.0,0.0,0.0,0.0,0.0,0.0,0.0,0.0,0.0,2012,3,14,,lowCap
1697,Tasty Bite Eatables Limited,TASTYBITE,2017-03-23,0.0,0.0,0.0,0.0,0.0,0.0,0.0,0.0,0.0,0.0,2017,3,9,,lowCap
1698,Rana Sugars Limited,RANASUG,2005-02-24,0.0,0.0,0.0,0.0,0.0,0.0,0.0,0.0,0.0,0.0,2005,2,21,,lowCap
1699,Eurotex Industries and Exports Limited,EUROTEXIND,1996-01-31,0.0,0.0,0.0,0.0,0.0,0.0,0.0,0.0,0.0,0.0,1996,1,30,,lowCap
1700,Hisar Metal Industries Limited,HISARMETAL,2017-01-05,0.0,0.0,0.0,0.0,0.0,0.0,0.0,0.0,0.0,0.0,2017,1,9,,lowCap
1701,Hind Rectifiers Limited,HIRECT,2006-12-26,0.0,0.0,0.0,0.0,0.0,0.0,0.0,0.0,0.0,0.0,2006,12,20,,lowCap
1702,Hilton Metal Forging Limited,HILTON,2007-05-24,0.0,0.0,0.0,0.0,0.0,0.0,0.0,0.0,0.0,0.0,2007,5,19,,lowCap
1703,Hemisphere Properties India Limited,HEMIPROP,2020-10-22,0.0,0.0,0.0,0.0,0.0,0.0,0.0,0.0,0.0,0.0,2020,10,6,,lowCap
1704,Shree Rama Newsprint Limited,RAMANEWS,2006-09-20,0.0,0.0,0.0,0.0,0.0,0.0,0.0,0.0,0.0,0.0,2006,9,20,,lowCap
1705,Raj Television Network Limited,RAJTV,2007-03-16,0.0,0.0,0.0,0.0,0.0,0.0,0.0,0.0,0.0,0.0,2007,3,19,,lowCap
1706,Raj Rayon Industries Limited,RAJRILTD,2022-03-16,0.0,0.0,0.0,0.0,0.0,0.0,0.0,0.0,0.0,0.0,2022,3,4,,lowCap
1707,Munjal Showa Limited,MUNJALSHOW,2003-05-12,0.0,0.0,0.0,0.0,0.0,0.0,0.0,0.0,0.0,0.0,2003,5,23,,lowCap
1708,Mufin Green Finance Limited,MUFIN,2023-11-06,0.0,0.0,0.0,0.0,0.0,0.0,0.0,0.0,0.0,0.0,2023,11,3,,lowCap
1709,Uravi T and Wedge Lamps Limited,URAVI,2023-07-05,0.0,0.0,0.0,0.0,0.0,0.0,0.0,0.0,0.0,0.0,2023,7,3,,lowCap
1710,Heads UP Ventures Limited,HEADSUP,2016-12-14,0.0,0.0,0.0,0.0,0.0,0.0,0.0,0.0,0.0,0.0,2016,12,10,,lowCap
1711,Tarapur Transformers Limited,TARAPUR,2010-05-18,0.0,0.0,0.0,0.0,0.0,0.0,0.0,0.0,0.0,0.0,2010,5,16,,lowCap
1712,Sheetal Cool Products Limited,SCPL,2022-11-22,0.0,0.0,0.0,0.0,0.0,0.0,0.0,0.0,0.0,0.0,2022,11,4,,lowCap
1713,Schneider Electric Infrastructure Limited,SCHNEIDER,2012-03-20,0.0,0.0,0.0,0.0,0.0,0.0,0.0,0.0,0.0,0.0,2012,3,14,,lowCap
1714,SBI Cards and Payment Services Limited,SBICARD,2020-03-16,0.0,0.0,0.0,0.0,0.0,0.0,0.0,0.0,0.0,0.0,2020,3,6,,lowCap
1715,Satia Industries Limited,SATIA,2019-07-17,0.0,0.0,0.0,0.0,0.0,0.0,0.0,0.0,0.0,0.0,2019,7,7,,lowCap
1716,Butterfly Gandhimathi Appliances Limited,BUTTERFLY,2014-04-28,0.0,0.0,0.0,0.0,0.0,0.0,0.0,0.0,0.0,0.0,2014,4,12,,lowCap
1717,Narmada Agrobase Limited,NARMADA,2022-10-27,0.0,0.0,0.0,0.0,0.0,0.0,0.0,0.0,0.0,0.0,2022,10,4,,lowCap
1718,Nahar Spinning Mills Limited,NAHARSPING,2007-03-23,0.0,0.0,0.0,0.0,0.0,0.0,0.0,0.0,0.0,0.0,2007,3,19,,lowCap
1719,Jocil Limited,JOCIL,2008-10-08,0.0,0.0,0.0,0.0,0.0,0.0,0.0,0.0,0.0,0.0,2008,10,18,,lowCap
1720,Jain Irrigation Systems Limited,JISLDVREQS,2011-11-30,0.0,0.0,0.0,0.0,0.0,0.0,0.0,0.0,0.0,0.0,2011,11,15,,lowCap
1721,Johnson Controls - Hitachi Air Conditioning India Limited,JCHAC,2000-01-03,0.0,0.0,0.0,0.0,0.0,0.0,0.0,0.0,0.0,0.0,2000,1,26,,lowCap
1722,Pyramid Technoplast Limited,PYRAMID,2023-08-29,0.0,0.0,0.0,0.0,0.0,0.0,0.0,0.0,0.0,0.0,2023,8,3,,lowCap
1723,Fino Payments Bank Limited,FINOPB,2021-11-12,0.0,0.0,0.0,0.0,0.0,0.0,0.0,0.0,0.0,0.0,2021,11,5,,lowCap
1724,Vineet Laboratories Limited,VINEETLAB,2021-06-15,0.0,0.0,0.0,0.0,0.0,0.0,0.0,0.0,0.0,0.0,2021,6,5,,lowCap
1725,Castrol India Limited,CASTROLIND,2014-03-14,0.0,0.0,0.0,0.0,0.0,0.0,0.0,0.0,0.0,0.0,2014,3,12,,lowCap
1726,Cantabil Retail India Limited,CANTABIL,2010-10-12,0.0,0.0,0.0,0.0,0.0,0.0,0.0,0.0,0.0,0.0,2010,10,16,,lowCap
1727,Can Fin Homes Limited,CANFINHOME,1995-05-10,0.0,0.0,0.0,0.0,0.0,0.0,0.0,0.0,0.0,0.0,1995,5,31,,lowCap
1728,Karur Vysya Bank Limited,KARURVYSYA,2000-07-26,0.0,0.0,0.0,0.0,0.0,0.0,0.0,0.0,0.0,0.0,2000,7,26,,lowCap
1729,Kapston Services Limited,KAPSTON,2020-05-27,0.0,0.0,0.0,0.0,0.0,0.0,0.0,0.0,0.0,0.0,2020,5,6,,lowCap
1730,BSL Limited,BSL,1995-07-27,0.0,0.0,0.0,0.0,0.0,0.0,0.0,0.0,0.0,0.0,1995,7,31,,lowCap
1731,Bombay Super Hybrid Seeds Limited,BSHSL,2020-10-28,0.0,0.0,0.0,0.0,0.0,0.0,0.0,0.0,0.0,0.0,2020,10,6,,lowCap
1732,Bohra Industries Limited,BOHRAIND,2022-10-27,0.0,0.0,0.0,0.0,0.0,0.0,0.0,0.0,0.0,0.0,2022,10,4,,lowCap
1733,Blue Chip India Limited,BLUECHIP,1997-03-12,0.0,0.0,0.0,0.0,0.0,0.0,0.0,0.0,0.0,0.0,1997,3,29,,lowCap
1734,BEML Land Assets Limited,BLAL,2023-04-19,0.0,0.0,0.0,0.0,0.0,0.0,0.0,0.0,0.0,0.0,2023,4,3,,lowCap
1735,Manoj Vaibhav Gems N Jewellers Limited,MVGJL,2023-10-03,0.0,0.0,0.0,0.0,0.0,0.0,0.0,0.0,0.0,0.0,2023,10,3,,lowCap
1736,Muthoot Microfin Limited,MUTHOOTMF,2023-12-26,0.0,0.0,0.0,0.0,0.0,0.0,0.0,0.0,0.0,0.0,2023,12,3,,lowCap
1737,Muthoot Capital Services Limited,MUTHOOTCAP,2015-08-24,0.0,0.0,0.0,0.0,0.0,0.0,0.0,0.0,0.0,0.0,2015,8,11,,lowCap
1738,Visagar Polytex Limited,VIVIDHA,2013-05-21,0.0,0.0,0.0,0.0,0.0,0.0,0.0,0.0,0.0,0.0,2013,5,13,,lowCap
1739,Vishwaraj Sugar Industries Limited,VISHWARAJ,2019-10-15,0.0,0.0,0.0,0.0,0.0,0.0,0.0,0.0,0.0,0.0,2019,10,7,,lowCap
1740,Vishal Fabrics Limited,VISHAL,2019-08-19,0.0,0.0,0.0,0.0,0.0,0.0,0.0,0.0,0.0,0.0,2019,8,7,,lowCap
1741,VIP Clothing Limited,VIPCLOTHNG,2007-08-06,0.0,0.0,0.0,0.0,0.0,0.0,0.0,0.0,0.0,0.0,2007,8,19,,lowCap
1742,Tainwala Chemical and Plastic (I) Limited,TAINWALCHM,1995-07-27,0.0,0.0,0.0,0.0,0.0,0.0,0.0,0.0,0.0,0.0,1995,7,31,,lowCap
1743,The Byke Hospitality Ltd,BYKE,2015-04-15,0.0,0.0,0.0,0.0,0.0,0.0,0.0,0.0,0.0,0.0,2015,4,11,,lowCap
1744,Vinyl Chemicals (India) Limited,VINYLINDIA,2008-07-21,0.0,0.0,0.0,0.0,0.0,0.0,0.0,0.0,0.0,0.0,2008,7,18,,lowCap
1745,Vinny Overseas Limited,VINNY,2022-11-28,0.0,0.0,0.0,0.0,0.0,0.0,0.0,0.0,0.0,0.0,2022,11,4,,lowCap
1746,Page Industries Limited,PAGEIND,2007-03-16,0.0,0.0,0.0,0.0,0.0,0.0,0.0,0.0,0.0,0.0,2007,3,19,,lowCap
1747,Osia Hyper Retail Limited,OSIAHYPER,2022-12-01,0.0,0.0,0.0,0.0,0.0,0.0,0.0,0.0,0.0,0.0,2022,12,4,,lowCap
1748,Plaza Wires Limited,PLAZACABLE,2023-10-12,0.0,0.0,0.0,0.0,0.0,0.0,0.0,0.0,0.0,0.0,2023,10,3,,lowCap
1749,The Orissa Minerals Development Company Limited,ORISSAMINE,2010-09-29,0.0,0.0,0.0,0.0,0.0,0.0,0.0,0.0,0.0,0.0,2010,9,16,,lowCap
1750,Pasupati Acrylon Limited,PASUPTAC,2021-10-12,0.0,0.0,0.0,0.0,0.0,0.0,0.0,0.0,0.0,0.0,2021,10,5,,lowCap
1751,Paras Petrofils Limited,PARASPETRO,1996-02-14,0.0,0.0,0.0,0.0,0.0,0.0,0.0,0.0,0.0,0.0,1996,2,30,,lowCap
1752,Abbott India Limited,ABBOTINDIA,2010-01-08,0.0,0.0,0.0,0.0,0.0,0.0,0.0,0.0,0.0,0.0,2010,1,16,,lowCap
1753,Radiant Cash Management Services Limited,RADIANTCMS,2023-01-04,0.0,0.0,0.0,0.0,0.0,0.0,0.0,0.0,0.0,0.0,2023,1,3,,lowCap
1754,Radhika Jeweltech Limited,RADHIKAJWE,2022-07-18,0.0,0.0,0.0,0.0,0.0,0.0,0.0,0.0,0.0,0.0,2022,7,4,,lowCap
1755,Andhra Cements Limited,ACL,2023-05-10,0.0,0.0,0.0,0.0,0.0,0.0,0.0,0.0,0.0,0.0,2023,5,3,,lowCap
1756,Hariom Pipe Industries Limited,HARIOMPIPE,2022-04-13,0.0,0.0,0.0,0.0,0.0,0.0,0.0,0.0,0.0,0.0,2022,4,4,,lowCap
1757,Bharat Bijlee Limited,BBL,2006-11-21,0.0,0.0,0.0,0.0,0.0,0.0,0.0,0.0,0.0,0.0,2006,11,20,,lowCap
1758,Bandhan Bank Limited,BANDHANBNK,2018-03-27,0.0,0.0,0.0,0.0,0.0,0.0,0.0,0.0,0.0,0.0,2018,3,8,,lowCap
1759,Kalyani Forge Limited,KALYANIFRG,2007-12-20,0.0,0.0,0.0,0.0,0.0,0.0,0.0,0.0,0.0,0.0,2007,12,19,,lowCap
1760,Steelcast Limited,STEELCAS,2021-11-23,0.0,0.0,0.0,0.0,0.0,0.0,0.0,0.0,0.0,0.0,2021,11,5,,lowCap
1761,Kakatiya Cement Sugar & Industries Limited,KAKATCEM,1995-12-13,0.0,0.0,0.0,0.0,0.0,0.0,0.0,0.0,0.0,0.0,1995,12,31,,lowCap
1762,Nagreeka Capital & Infrastructure Limited,NAGREEKCAP,2007-09-18,0.0,0.0,0.0,0.0,0.0,0.0,0.0,0.0,0.0,0.0,2007,9,19,,lowCap
1763,Bharat Gears Limited,BHARATGEAR,1996-04-03,0.0,0.0,0.0,0.0,0.0,0.0,0.0,0.0,0.0,0.0,1996,4,30,,lowCap
1764,Synergy Green Industries Limited,SGIL,2021-07-28,0.0,0.0,0.0,0.0,0.0,0.0,0.0,0.0,0.0,0.0,2021,7,5,,lowCap
1765,Seya Industries Limited,SEYAIND,2019-07-11,0.0,0.0,0.0,0.0,0.0,0.0,0.0,0.0,0.0,0.0,2019,7,7,,lowCap
1766,Selan Exploration Technology Limited,SELAN,2006-09-26,0.0,0.0,0.0,0.0,0.0,0.0,0.0,0.0,0.0,0.0,2006,9,20,,lowCap
1767,Godha Cabcon & Insulation Limited,GODHA,2020-12-24,0.0,0.0,0.0,0.0,0.0,0.0,0.0,0.0,0.0,0.0,2020,12,6,,lowCap
1768,Khaitan Chemicals & Fertilizers Limited,KHAICHEM,2020-10-30,0.0,0.0,0.0,0.0,0.0,0.0,0.0,0.0,0.0,0.0,2020,10,6,,lowCap
1769,Biofil Chemicals & Pharmaceuticals Limited,BIOFILCHEM,1996-06-12,0.0,0.0,0.0,0.0,0.0,0.0,0.0,0.0,0.0,0.0,1996,6,30,,lowCap
1770,VL E-Governance & IT Solutions Limited,VLEGOV,2023-08-14,0.0,0.0,0.0,0.0,0.0,0.0,0.0,0.0,0.0,0.0,2023,8,3,,lowCap
1771,GM Breweries Limited,GMBREW,1995-08-23,0.0,0.0,0.0,0.0,0.0,0.0,0.0,0.0,0.0,0.0,1995,8,31,,lowCap
1772,Bharat Dynamics Limited,BDL,2018-03-23,0.0,0.0,0.0,0.0,0.0,0.0,0.0,0.0,0.0,0.0,2018,3,8,,lowCap
1773,Shivam Autotech Limited,SHIVAMAUTO,2006-11-21,0.0,0.0,0.0,0.0,0.0,0.0,0.0,0.0,0.0,0.0,2006,11,20,,lowCap
1774,Shanthi Gears Limited,SHANTIGEAR,1996-01-17,0.0,0.0,0.0,0.0,0.0,0.0,0.0,0.0,0.0,0.0,1996,1,30,,lowCap
1775,Maharashtra Scooters Limited,MAHSCOOTER,1995-02-08,0.0,0.0,0.0,0.0,0.0,0.0,0.0,0.0,0.0,0.0,1995,2,31,,lowCap
1776,Fedbank Financial Services Limited,FEDFINA,2023-11-30,0.0,0.0,0.0,0.0,0.0,0.0,0.0,0.0,0.0,0.0,2023,11,3,,lowCap
1777,Fairchem Organics Limited,FAIRCHEMOR,2020-12-24,0.0,0.0,0.0,0.0,0.0,0.0,0.0,0.0,0.0,0.0,2020,12,6,,lowCap
1778,Udayshivakumar Infra Limited,USK,2023-04-03,0.0,0.0,0.0,0.0,0.0,0.0,0.0,0.0,0.0,0.0,2023,4,3,,lowCap
1779,Rama Phosphates Limited,RAMAPHO,2022-08-05,0.0,0.0,0.0,0.0,0.0,0.0,0.0,0.0,0.0,0.0,2022,8,4,,lowCap
1780,Priti International Limited,PRITI,2022-03-02,0.0,0.0,0.0,0.0,0.0,0.0,0.0,0.0,0.0,0.0,2022,3,4,,lowCap
1781,Prince Pipes And Fittings Limited,PRINCEPIPE,2019-12-30,0.0,0.0,0.0,0.0,0.0,0.0,0.0,0.0,0.0,0.0,2019,12,7,,lowCap
1782,Premier Polyfilm Limited,PREMIERPOL,1995-12-13,0.0,0.0,0.0,0.0,0.0,0.0,0.0,0.0,0.0,0.0,1995,12,31,,lowCap
1783,Ajooni Biotech Limited,AJOONI,2021-05-07,0.0,0.0,0.0,0.0,0.0,0.0,0.0,0.0,0.0,0.0,2021,5,5,,lowCap
1784,Fusion Micro Finance Limited,FUSION,2022-11-15,0.0,0.0,0.0,0.0,0.0,0.0,0.0,0.0,0.0,0.0,2022,11,4,,lowCap
1785,Foseco India Limited,FOSECOIND,2003-05-05,0.0,0.0,0.0,0.0,0.0,0.0,0.0,0.0,0.0,0.0,2003,5,23,,lowCap
1786,Baid Finserv Limited,BAIDFIN,2023-01-20,0.0,0.0,0.0,0.0,0.0,0.0,0.0,0.0,0.0,0.0,2023,1,3,,lowCap
1787,Axita Cotton Limited,AXITA,2022-06-21,0.0,0.0,0.0,0.0,0.0,0.0,0.0,0.0,0.0,0.0,2022,6,4,,lowCap
1788,Malu Paper Mills Limited,MALUPAPER,2006-04-05,0.0,0.0,0.0,0.0,0.0,0.0,0.0,0.0,0.0,0.0,2006,4,20,,lowCap
1789,Bannari Amman Sugars Limited,BANARISUG,2003-05-28,0.0,0.0,0.0,0.0,0.0,0.0,0.0,0.0,0.0,0.0,2003,5,23,,lowCap
1790,Banaras Beads Limited,BANARBEADS,1995-07-07,0.0,0.0,0.0,0.0,0.0,0.0,0.0,0.0,0.0,0.0,1995,7,31,,lowCap
1791,Star Health and Allied Insurance Company Limited,STARHEALTH,2021-12-10,0.0,0.0,0.0,0.0,0.0,0.0,0.0,0.0,0.0,0.0,2021,12,5,,lowCap
1792,Bajel Projects Limited,BAJEL,2023-12-19,0.0,0.0,0.0,0.0,0.0,0.0,0.0,0.0,0.0,0.0,2023,12,3,,lowCap
1793,Bajaj Healthcare Limited,BAJAJHCARE,2021-11-25,0.0,0.0,0.0,0.0,0.0,0.0,0.0,0.0,0.0,0.0,2021,11,5,,lowCap
1794,Websol Energy System Limited,WEBELSOLAR,2007-05-15,0.0,0.0,0.0,0.0,0.0,0.0,0.0,0.0,0.0,0.0,2007,5,19,,lowCap
1795,Tijaria Polypipes Limited,TIJARIA,2011-10-14,0.0,0.0,0.0,0.0,0.0,0.0,0.0,0.0,0.0,0.0,2011,10,15,,lowCap
1796,Motherson Sumi Wiring India Limited,MSUMI,2022-03-28,0.0,0.0,0.0,0.0,0.0,0.0,0.0,0.0,0.0,0.0,2022,3,4,,lowCap
1797,Motisons Jewellers Limited,MOTISONS,2023-12-26,0.0,0.0,0.0,0.0,0.0,0.0,0.0,0.0,0.0,0.0,2023,12,3,,lowCap
1798,Moksh Ornaments Limited,MOKSH,2021-05-21,0.0,0.0,0.0,0.0,0.0,0.0,0.0,0.0,0.0,0.0,2021,5,5,,lowCap
1799,Thomas Scott (India) Limited,THOMASCOTT,2012-01-30,0.0,0.0,0.0,0.0,0.0,0.0,0.0,0.0,0.0,0.0,2012,1,14,,lowCap
1800,DSJ Keep Learning Limited,KEEPLEARN,1995-03-01,0.0,0.0,0.0,0.0,0.0,0.0,0.0,0.0,0.0,0.0,1995,3,31,,lowCap
1801,Globe Textiles (India) Limited,GLOBE,2020-10-07,0.0,0.0,0.0,0.0,0.0,0.0,0.0,0.0,0.0,0.0,2020,10,6,,lowCap
1802,GHCL Textiles Limited,GHCLTEXTIL,2023-06-12,0.0,0.0,0.0,0.0,0.0,0.0,0.0,0.0,0.0,0.0,2023,6,3,,lowCap
1803,Generic Engineering Construction and Projects Limited,GENCON,2021-02-16,0.0,0.0,0.0,0.0,0.0,0.0,0.0,0.0,0.0,0.0,2021,2,5,,lowCap
1804,Geekay Wires Limited,GEEKAYWIRE,2020-03-06,0.0,0.0,0.0,0.0,0.0,0.0,0.0,0.0,0.0,0.0,2020,3,6,,lowCap
1805,AVRO INDIA LIMITED,AVROIND,2022-04-07,0.0,0.0,0.0,0.0,0.0,0.0,0.0,0.0,0.0,0.0,2022,4,4,,lowCap
1806,Avadh Sugar & Energy Limited,AVADHSUGAR,2017-07-28,0.0,0.0,0.0,0.0,0.0,0.0,0.0,0.0,0.0,0.0,2017,7,9,,lowCap
1807,Automotive Axles Limited,AUTOAXLES,2003-05-29,0.0,0.0,0.0,0.0,0.0,0.0,0.0,0.0,0.0,0.0,2003,5,23,,lowCap
1808,Thangamayil Jewellery Limited,THANGAMAYL,2010-02-19,0.0,0.0,0.0,0.0,0.0,0.0,0.0,0.0,0.0,0.0,2010,2,16,,lowCap
1809,Walchandnagar Industries Limited,WALCHANNAG,1996-09-18,0.0,0.0,0.0,0.0,0.0,0.0,0.0,0.0,0.0,0.0,1996,9,30,,lowCap
1810,V.S.T Tillers Tractors Limited,VSTTILLERS,2011-06-20,0.0,0.0,0.0,0.0,0.0,0.0,0.0,0.0,0.0,0.0,2011,6,15,,lowCap
1811,Vardhman Special Steels Limited,VSSL,2012-05-17,0.0,0.0,0.0,0.0,0.0,0.0,0.0,0.0,0.0,0.0,2012,5,14,,lowCap
1812,VRL Logistics Limited,VRLLOG,2015-04-30,0.0,0.0,0.0,0.0,0.0,0.0,0.0,0.0,0.0,0.0,2015,4,11,,lowCap
1813,Vishnu Prakash R Punglia Limited,VPRPL,2023-09-05,0.0,0.0,0.0,0.0,0.0,0.0,0.0,0.0,0.0,0.0,2023,9,3,,lowCap
1814,Voltamp Transformers Limited,VOLTAMP,2006-09-20,0.0,0.0,0.0,0.0,0.0,0.0,0.0,0.0,0.0,0.0,2006,9,20,,lowCap
1815,V-Mart Retail Limited,VMART,2013-02-20,0.0,0.0,0.0,0.0,0.0,0.0,0.0,0.0,0.0,0.0,2013,2,13,,lowCap
1816,Krebs Biochemicals and Industries Limited,KREBSBIO,1996-01-03,0.0,0.0,0.0,0.0,0.0,0.0,0.0,0.0,0.0,0.0,1996,1,30,,lowCap
1817,M K Proteins Limited,MKPL,2023-06-13,0.0,0.0,0.0,0.0,0.0,0.0,0.0,0.0,0.0,0.0,2023,6,3,,lowCap
1818,Mittal Life Style Limited,MITTAL,2020-04-29,0.0,0.0,0.0,0.0,0.0,0.0,0.0,0.0,0.0,0.0,2020,4,6,,lowCap
1819,KIOCL Limited,KIOCL,2016-11-29,0.0,0.0,0.0,0.0,0.0,0.0,0.0,0.0,0.0,0.0,2016,11,10,,lowCap
1820,Kingfa Science & Technology (India) Limited,KINGFA,2016-11-15,0.0,0.0,0.0,0.0,0.0,0.0,0.0,0.0,0.0,0.0,2016,11,10,,lowCap
1821,Signet Industries Limited,SIGIND,2018-08-29,0.0,0.0,0.0,0.0,0.0,0.0,0.0,0.0,0.0,0.0,2018,8,8,,lowCap
1822,Shreyans Industries Limited,SHREYANIND,1996-11-06,0.0,0.0,0.0,0.0,0.0,0.0,0.0,0.0,0.0,0.0,1996,11,30,,lowCap
1823,Shrenik Limited,SHRENIK,2019-08-02,0.0,0.0,0.0,0.0,0.0,0.0,0.0,0.0,0.0,0.0,2019,8,7,,lowCap
1824,Shree Rama Multi-Tech Limited,SHREERAMA,2000-03-13,0.0,0.0,0.0,0.0,0.0,0.0,0.0,0.0,0.0,0.0,2000,3,26,,lowCap
1825,GP Petroleums Limited,GULFPETRO,2004-09-24,0.0,0.0,0.0,0.0,0.0,0.0,0.0,0.0,0.0,0.0,2004,9,22,,lowCap
1826,Gujarat Raffia Industries Limited,GUJRAFFIA,1996-10-09,0.0,0.0,0.0,0.0,0.0,0.0,0.0,0.0,0.0,0.0,1996,10,30,,lowCap
1827,Pearl Polymers Limited,PEARLPOLY,1995-10-11,0.0,0.0,0.0,0.0,0.0,0.0,0.0,0.0,0.0,0.0,1995,10,31,,lowCap
1828,Pudumjee Paper Products Limited,PDMJEPAPER,2016-03-30,0.0,0.0,0.0,0.0,0.0,0.0,0.0,0.0,0.0,0.0,2016,3,10,,lowCap
1829,PIL ITALICA LIFESTYLE LIMITED,PILITA,2013-10-07,0.0,0.0,0.0,0.0,0.0,0.0,0.0,0.0,0.0,0.0,2013,10,13,,lowCap
1830,Procter & Gamble Health Limited,PGHL,1996-04-24,0.0,0.0,0.0,0.0,0.0,0.0,0.0,0.0,0.0,0.0,1996,4,30,,lowCap
1831,Procter & Gamble Hygiene and Health Care Limited,PGHH,2004-07-07,0.0,0.0,0.0,0.0,0.0,0.0,0.0,0.0,0.0,0.0,2004,7,22,,lowCap
1832,Ujjivan Small Finance Bank Limited,UJJIVANSFB,2019-12-12,0.0,0.0,0.0,0.0,0.0,0.0,0.0,0.0,0.0,0.0,2019,12,7,,lowCap
1833,Lasa Supergenerics Limited,LASA,2017-09-21,0.0,0.0,0.0,0.0,0.0,0.0,0.0,0.0,0.0,0.0,2017,9,9,,lowCap
1834,La Opala RG Limited,LAOPALA,2007-03-16,0.0,0.0,0.0,0.0,0.0,0.0,0.0,0.0,0.0,0.0,2007,3,19,,lowCap
1835,Atam Valves Limited,ATAM,2023-05-10,0.0,0.0,0.0,0.0,0.0,0.0,0.0,0.0,0.0,0.0,2023,5,3,,lowCap
1836,Atal Realtech Limited,ATALREAL,2023-05-12,0.0,0.0,0.0,0.0,0.0,0.0,0.0,0.0,0.0,0.0,2023,5,3,,lowCap
1837,AstraZeneca Pharma India Limited,ASTRAZEN,2001-05-04,0.0,0.0,0.0,0.0,0.0,0.0,0.0,0.0,0.0,0.0,2001,5,25,,lowCap
1838,Lorenzini Apparels Limited,LAL,2023-04-10,0.0,0.0,0.0,0.0,0.0,0.0,0.0,0.0,0.0,0.0,2023,4,3,,lowCap
1839,Ugro Capital Limited,UGROCAP,2021-08-11,0.0,0.0,0.0,0.0,0.0,0.0,0.0,0.0,0.0,0.0,2021,8,5,,lowCap
1840,Lagnam Spintex Limited,LAGNAM,2021-09-30,0.0,0.0,0.0,0.0,0.0,0.0,0.0,0.0,0.0,0.0,2021,9,5,,lowCap
1841,Kuantum Papers Limited,KUANTUM,2019-10-23,0.0,0.0,0.0,0.0,0.0,0.0,0.0,0.0,0.0,0.0,2019,10,7,,lowCap
1842,SRG Housing Finance Limited,SRGHFL,2023-08-21,0.0,0.0,0.0,0.0,0.0,0.0,0.0,0.0,0.0,0.0,2023,8,3,,lowCap
1843,Kriti Nutrients Limited,KRITINUT,2022-10-07,0.0,0.0,0.0,0.0,0.0,0.0,0.0,0.0,0.0,0.0,2022,10,4,,lowCap
1844,Kritika Wires Limited,KRITIKA,2022-05-04,0.0,0.0,0.0,0.0,0.0,0.0,0.0,0.0,0.0,0.0,2022,5,4,,lowCap
1845,Krishana Phoschem Limited,KRISHANA,2019-08-22,0.0,0.0,0.0,0.0,0.0,0.0,0.0,0.0,0.0,0.0,2019,8,7,,lowCap
1846,Sreeleathers Limited,SREEL,2014-01-01,0.0,0.0,0.0,0.0,0.0,0.0,0.0,0.0,0.0,0.0,2014,1,12,,lowCap
1847,Automotive Stampings and Assemblies Limited,ASAL,2002-03-12,0.0,0.0,0.0,0.0,0.0,0.0,0.0,0.0,0.0,0.0,2002,3,24,,lowCap
1848,Arvee Laboratories (India) Limited,ARVEE,2021-03-22,0.0,0.0,0.0,0.0,0.0,0.0,0.0,0.0,0.0,0.0,2021,3,5,,lowCap
1849,Shekhawati Poly-Yarn Limited,SPYL,2011-01-12,0.0,0.0,0.0,0.0,0.0,0.0,0.0,0.0,0.0,0.0,2011,1,15,,lowCap
1850,Ganga Forging Limited,GANGAFORGE,2021-07-06,0.0,0.0,0.0,0.0,0.0,0.0,0.0,0.0,0.0,0.0,2021,7,5,,lowCap
1851,Gandhi Special Tubes Limited,GANDHITUBE,2007-01-31,0.0,0.0,0.0,0.0,0.0,0.0,0.0,0.0,0.0,0.0,2007,1,19,,lowCap
1852,Punjab & Sind Bank,PSB,2010-12-30,0.0,0.0,0.0,0.0,0.0,0.0,0.0,0.0,0.0,0.0,2010,12,16,,lowCap
1853,Global Vectra Helicorp Limited,GLOBALVECT,2006-10-27,0.0,0.0,0.0,0.0,0.0,0.0,0.0,0.0,0.0,0.0,2006,10,20,,lowCap
1854,Umang Dairies Limited,UMANGDAIRY,2015-12-02,0.0,0.0,0.0,0.0,0.0,0.0,0.0,0.0,0.0,0.0,2015,12,11,,lowCap
1855,Supriya Lifescience Limited,SUPRIYA,2021-12-28,0.0,0.0,0.0,0.0,0.0,0.0,0.0,0.0,0.0,0.0,2021,12,5,,lowCap
1856,Supreme Engineering Limited,SUPREMEENG,2020-12-04,0.0,0.0,0.0,0.0,0.0,0.0,0.0,0.0,0.0,0.0,2020,12,6,,lowCap
1857,Sundaram Brake Linings Limited,SUNDRMBRAK,1996-07-17,0.0,0.0,0.0,0.0,0.0,0.0,0.0,0.0,0.0,0.0,1996,7,30,,lowCap
1858,Praxis Home Retail Limited,PRAXIS,2018-01-31,0.0,0.0,0.0,0.0,0.0,0.0,0.0,0.0,0.0,0.0,2018,1,8,,lowCap
1859,Ginni Filaments Limited,GINNIFILA,1995-05-10,0.0,0.0,0.0,0.0,0.0,0.0,0.0,0.0,0.0,0.0,1995,5,31,,lowCap
1860,Mahanagar Gas Limited,MGL,2016-07-01,0.0,0.0,0.0,0.0,0.0,0.0,0.0,0.0,0.0,0.0,2016,7,10,,lowCap
1861,LGB Forge Limited,LGBFORGE,2008-08-01,0.0,0.0,0.0,0.0,0.0,0.0,0.0,0.0,0.0,0.0,2008,8,18,,lowCap
1862,Lakshmi Finance & Industrial Corporation Limited,LFIC,2015-04-15,0.0,0.0,0.0,0.0,0.0,0.0,0.0,0.0,0.0,0.0,2015,4,11,,lowCap
1863,Lexus Granito (India) Limited,LEXUS,2023-03-13,0.0,0.0,0.0,0.0,0.0,0.0,0.0,0.0,0.0,0.0,2023,3,3,,lowCap
1864,Wonder Electricals Limited,WEL,2022-01-17,0.0,0.0,0.0,0.0,0.0,0.0,0.0,0.0,0.0,0.0,2022,1,4,,lowCap
1865,Lambodhara Textiles Limited,LAMBODHARA,2015-02-04,0.0,0.0,0.0,0.0,0.0,0.0,0.0,0.0,0.0,0.0,2015,2,11,,lowCap
1866,Art Nirman Limited,ARTNIRMAN,2021-10-18,0.0,0.0,0.0,0.0,0.0,0.0,0.0,0.0,0.0,0.0,2021,10,5,,lowCap
1867,Aro Granite Industries Limited,AROGRANITE,2007-04-24,0.0,0.0,0.0,0.0,0.0,0.0,0.0,0.0,0.0,0.0,2007,4,19,,lowCap
1868,Zenith Exports Limited,ZENITHEXPO,1996-07-10,0.0,0.0,0.0,0.0,0.0,0.0,0.0,0.0,0.0,0.0,1996,7,30,,lowCap
1869,Wonderla Holidays Limited,WONDERLA,2014-05-09,0.0,0.0,0.0,0.0,0.0,0.0,0.0,0.0,0.0,0.0,2014,5,12,,lowCap
1870,Somi Conveyor Beltings Limited,SOMICONVEY,2016-07-18,0.0,0.0,0.0,0.0,0.0,0.0,0.0,0.0,0.0,0.0,2016,7,10,,lowCap
1871,Snowman Logistics Limited,SNOWMAN,2014-09-12,0.0,0.0,0.0,0.0,0.0,0.0,0.0,0.0,0.0,0.0,2014,9,12,,lowCap
1872,Shree Ram Proteins Limited,SRPL,2020-09-23,0.0,0.0,0.0,0.0,0.0,0.0,0.0,0.0,0.0,0.0,2020,9,6,,lowCap
1873,SML Isuzu Limited,SMLISUZU,2003-08-29,0.0,0.0,0.0,0.0,0.0,0.0,0.0,0.0,0.0,0.0,2003,8,23,,lowCap
1874,Sintercom India Limited,SINTERCOM,2020-10-07,0.0,0.0,0.0,0.0,0.0,0.0,0.0,0.0,0.0,0.0,2020,10,6,,lowCap
1875,Orissa Bengal Carrier Limited,OBCL,2022-04-07,0.0,0.0,0.0,0.0,0.0,0.0,0.0,0.0,0.0,0.0,2022,4,4,,lowCap
1876,Sikko Industries Limited,SIKKO,2021-10-22,0.0,0.0,0.0,0.0,0.0,0.0,0.0,0.0,0.0,0.0,2021,10,5,,lowCap
1877,Uniphos Enterprises Limited,UNIENTER,2004-01-23,0.0,0.0,0.0,0.0,0.0,0.0,0.0,0.0,0.0,0.0,2004,1,22,,lowCap
1878,Ponni Sugars (Erode) Limited,PONNIERODE,2002-04-16,0.0,0.0,0.0,0.0,0.0,0.0,0.0,0.0,0.0,0.0,2002,4,24,,lowCap
1879,Mask Investments Limited,MASKINVEST,2016-10-14,0.0,0.0,0.0,0.0,0.0,0.0,0.0,0.0,0.0,0.0,2016,10,10,,lowCap
1880,Medico Remedies Limited,MEDICO,2022-05-26,0.0,0.0,0.0,0.0,0.0,0.0,0.0,0.0,0.0,0.0,2022,5,4,,lowCap
1881,Madhya Bharat Agro Products Limited,MBAPL,2019-08-22,0.0,0.0,0.0,0.0,0.0,0.0,0.0,0.0,0.0,0.0,2019,8,7,,lowCap
1882,Aakash Exploration Services Limited,AAKASH,2020-09-29,0.0,0.0,0.0,0.0,0.0,0.0,0.0,0.0,0.0,0.0,2020,9,6,,lowCap
1883,Welspun Investments and Commercials Limited,WELINV,2010-09-20,0.0,0.0,0.0,0.0,0.0,0.0,0.0,0.0,0.0,0.0,2010,9,16,,lowCap
1884,TCNS Clothing Co. Limited,TCNSBRANDS,2018-07-30,0.0,0.0,0.0,0.0,0.0,0.0,0.0,0.0,0.0,0.0,2018,7,8,,lowCap
1885,Landmark Property Development Company Limited,LPDC,2008-08-12,0.0,0.0,0.0,0.0,0.0,0.0,0.0,0.0,0.0,0.0,2008,8,18,,lowCap
1886,Lovable Lingerie Limited,LOVABLE,2011-03-24,0.0,0.0,0.0,0.0,0.0,0.0,0.0,0.0,0.0,0.0,2011,3,15,,lowCap
1887,Ambika Cotton Mills Limited,AMBIKCO,2008-01-29,0.0,0.0,0.0,0.0,0.0,0.0,0.0,0.0,0.0,0.0,2008,1,18,,lowCap
1888,Sarthak Metals Limited,SMLT,2021-11-25,0.0,0.0,0.0,0.0,0.0,0.0,0.0,0.0,0.0,0.0,2021,11,5,,lowCap
1889,Lokesh Machines Limited,LOKESHMACH,2006-05-05,0.0,0.0,0.0,0.0,0.0,0.0,0.0,0.0,0.0,0.0,2006,5,20,,lowCap
1890,Linc Limited,LINC,2015-03-09,0.0,0.0,0.0,0.0,0.0,0.0,0.0,0.0,0.0,0.0,2015,3,11,,lowCap
1891,Laxmi Goldorna House Limited,LGHL,2023-11-10,0.0,0.0,0.0,0.0,0.0,0.0,0.0,0.0,0.0,0.0,2023,11,3,,lowCap
1892,Apex Frozen Foods Limited,APEX,2017-09-04,0.0,0.0,0.0,0.0,0.0,0.0,0.0,0.0,0.0,0.0,2017,9,9,,lowCap
1893,Antarctica Limited,ANTGRAPHIC,1997-12-31,0.0,0.0,0.0,0.0,0.0,0.0,0.0,0.0,0.0,0.0,1997,12,29,,lowCap
1894,Anmol India Limited,ANMOL,2021-06-04,0.0,0.0,0.0,0.0,0.0,0.0,0.0,0.0,0.0,0.0,2021,6,5,,lowCap
1895,Indian Hume Pipe Company Limited,INDIANHUME,1995-08-30,0.0,0.0,0.0,0.0,0.0,0.0,0.0,0.0,0.0,0.0,1995,8,31,,lowCap
1896,Indbank Merchant Banking Services Limited,INDBANK,2008-10-08,0.0,0.0,0.0,0.0,0.0,0.0,0.0,0.0,0.0,0.0,2008,10,18,,lowCap
1897,INCREDIBLE INDUSTRIES LIMITED,INCREDIBLE,2016-07-01,0.0,0.0,0.0,0.0,0.0,0.0,0.0,0.0,0.0,0.0,2016,7,10,,lowCap
1898,Dynamic Cables Limited,DYCL,2022-07-27,0.0,0.0,0.0,0.0,0.0,0.0,0.0,0.0,0.0,0.0,2022,7,4,,lowCap
1899,Dredging Corporation of India Limited,DREDGECORP,2004-01-15,0.0,0.0,0.0,0.0,0.0,0.0,0.0,0.0,0.0,0.0,2004,1,22,,lowCap
1900,D P Wires Limited,DPWIRES,2020-01-17,0.0,0.0,0.0,0.0,0.0,0.0,0.0,0.0,0.0,0.0,2020,1,6,,lowCap
1901,Donear Industries Limited,DONEAR,2006-12-20,0.0,0.0,0.0,0.0,0.0,0.0,0.0,0.0,0.0,0.0,2006,12,20,,lowCap
1902,Diligent Media Corporation Limited,DNAMEDIA,2017-12-11,0.0,0.0,0.0,0.0,0.0,0.0,0.0,0.0,0.0,0.0,2017,12,9,,lowCap
1903,Lotus Eye Hospital and Institute Limited,LOTUSEYE,2008-07-11,0.0,0.0,0.0,0.0,0.0,0.0,0.0,0.0,0.0,0.0,2008,7,18,,lowCap
